S.,,,Un
No.,Branch,Course Name/Group Name,(Credits)
1,AE,INTRODUCTION TO,3-0-0-
,,AEROSPACE,0(5)
,,ENGINEERING(AE201A),
2,AE,COMPRESSIBLE,3-0-0-
,,AERODYNAMICS(AE311A),0(9)
,,,
,,,
3,AE,FLIGHT,3-0-0-
,,MECHANICS(AE321A),0(9)
,,,
4,AE,INTRODUCTION TO,3-0-0-
,,AEROSPACE,0(9)
,,STRUCTURES(AE331A),
5,AE,AEROMODEL DESIGN &,0-0-3-
,,FABRICATION(AE361A),0(3)
,,,
6,AE,B TECH PROJECT 1(AE371A),0-0-0-
,,,0(4)
7,AE,TECHNICAL,0-0-2-
,,COMMUNICATION(AE401A),2(2)
,,,
8,AE,ROCKET,3-0-0-
,,PROPULSION(AE441A),0(5)
,,,
,,,
9,AE,EXPERIMENTS IN,0-0-3-
,,AEROSPACE ENGINEERING,2(5)
,,III(AE451A),
10,AE,AIRCRAFT DESIGN-,1-0-2-
,,I(AE461A),2(7)
,,,
11,AE,B TECH PROJECT(AE471A),0-0-0-
,,,0(9)
12,AE,UNDERGRADUATE,3-0-0-
,,PROJECT III(AE472A),0(9)
13,AE,BOUNDARY LAYER,3-0-0-
,,THEORY(AE481A),0(9)
,,,
14,AE,INTRO TO AEROSPACE,3-0-0-
,,ENGG.(AE601A),0(9)
,,,
15,AE,MATHEMATICS FOR,3-0-0-
,,AEROSPACE,0(9)
,,ENGG.(AE602A),
16,AE,Micro and Nanoflows(AE609A),3-0-0-
,,,0(9)
17,AE,AERODYNAMICS-I(AE610A),3-0-0-
,,,0(9)
18,AE,VISCOUS FLOWS(AE614A),3-0-0-
,,,0(9)
,,,
19,AE,FLIGHT,3-0-0-
,,DYNAMICS(AE647A),0(9)
,,,
,,,
,,,
20,AE,AUTOMATIC CONTROL OF,3-0-0-
,,AIRCRAFT ROCKETS AND,0(9)
,,SPACECRAFT(AE649A),
21,AE,FUNDAMENTALS OF,3-0-0-
,,COMBUSTION(AE663A),0(9)
,,,
22,AE,APPLIED COMPRESSIBLE,3-0-0-
,,FLOWS(AE664A),0(9)
,,,
23,AE,AEROSPACE STRUCTURAL,3-0-0-
24,AE,DYNAMICS AND,3-0-0-
,,VIBRATION(AE688A),0(9)
,,,
25,AE,M TECH THESIS(AE699),0-0-0-
,,,0(0)
,,,
,,,
26,AE,CONTINUUM,3-0-0-
,,MECHANICS(AE702A),0(9)
,,,
27,AE,COMPUTATIONAL,3-0-0-
,,METHODS(AE703A),0(9)
,,,
28,AE,HYPERSONIC,3-0-0-
,,FLOWS(AE720A),0(9)
,,,
,,,
,,,
29,AE,MOLECULAR GAS,3-0-0-
,,DYNAMICS(AE747A),0(9)
,,,
30,AE,OPTIMAL SPACE FLIGHT,3-0-0-
,,CONTROL(AE777A),0(9)
31,AE,PHD THESIS(AE799),0-0-0-
,,,0(0)
32,AE,MS - RESEARCH,0-0-0-
,,THESIS(AE899),0(0)
33,AE,FLUID MECHANICS AND,3-1-0-
S.,,,Units
No.,Branch,Course Name/Group Name,(Credits)
,,ANALYSIS - I(AE670A),0(9)
S.,,,Units
No.,Branch,Course Name/Group Name,(Credits)
,,,
,,,
,,,
,,,
,,,
,,,
,,,
,,,
,,,
,,,
,,,
,,,
,,,
,,,
,,,
,,,
,,,
,,,
,,,
,,,
,,,
,,,
34,BSBE,ORGAN SYSTEM,3-0-0-
,,PHYSIOLOGY AND,0(9)
,,ANATOMY(BSE211A),
35,BSBE,SCIENTIFIC &,0-0-2-
,,PROFESSIONAL,0(2)
,,COMMUNICATION(BSE301A,
,,),
36,BSBE,MOLECULAR CELL,3-0-0-
,,BIOLOGY(BSE311A),0(9)
,,,
,,,
37,BSBE,MOLECULAR BIOLOGY,1-0-6-
,,LAB(BSE312A),0(9)
,,,
38,BSBE,UG PROJECT (UGP-,0-0-0-
39,BSBE,UG PROJECT (UGP-,0-0-2-
,,II)(BSE399A),0(9)
40,BSBE,BIOMATERIALS(BSE411A),3-0-2-
,,,0(11)
,,,
,,,
41,BSBE,BIOMATERIAL,1-0-6-
,,PHYSIOLOGY & BIO-MEMS,0(9)
,,LABORATORY(BSE412A),
42,BSBE,METHODS IN,3-0-0-
,,BIOTECHNOLOGY-I,0(9)
,,EXPERIMENTAL,
,,BIOSEPERATION(BSE492A),
43,BSBE,UG PROJECT (UGP-,0-0-9-
,,III)(BSE498A),0(9)
44,BSBE,UNDER GRADUATE,0-0-0-
,,PROJECT IV(BSE499A),0(9)
45,BSBE,PROFESSIONAL,1-0-0-
,,COMMUNICATION(BSE601A,0(0)
,,),
46,BSBE,MODERN INSTRUMENTAL,3-0-0-
,,METHODS IN BIOLOGICAL,0(9)
,,SCIENCES(BSE611A),
47,BSBE,BIOMATERIALS(BSE613A),3-0-0-
,,,2(11)
,,,
48,BSBE,BIOCHEMISTRY,3-0-0-
,,STRUCTURAL,0(9)
,,BIOLOGY(BSE631A),
49,BSBE,MICROBIOLOGY AND,3-0-0-
S.,,,Units
No.,Branch,Course Name/Group Name,(Credits)
50,BSBE,CELLULAR MOLECULER,3-0-0-
,,BIOLOGY(BSE651A),0(9)
,,,
51,BSBE,PHYSIOLOGY(BSE655A),3-0-0-
,,,0(9)
,,,
52,BSBE,NEUROBIOLOGY(BSE656A),3-0-0-
,,,0(9)
53,BSBE,STATISTICS FOR MODERN,3-0-0-
,,BIOLOGY(BSE658A),0(9)
,,,
,,,
54,BSBE,BIOLOGICAL,3-0-0-
,,MEMBRANES(BSE661A),0(9)
,,,
55,BSBE,M.TECH THESIS(BSE699),0-0-0-
,,,0(0)
56,BSBE,SEMINAR(BSE701A),0-0-0-
,,,0(0)
57,BSBE,SEMINAR(BSE702A),0-0-0-
,,,0(0)
58,BSBE,PHD THESIS(BSE799),0-0-0-
,,,0(0)
59,BSBE,PRINCIPLES OF,3-0-0-
,,BIOTECHNOLOGY(ESO206A,0(9)
,,),
60,CE,SUSTAINABLE BUILT,3-0-0-
,,ENVIRONMENT(CE241A),0(9)
,,,
61,CE,ENVIRONMENTAL,3-0-3-
62,CE,GEOINFORMATICS(CE331A),3-0-2-
,,,0(11)
,,,
63,CE,GEOINFORMATICS,0-0-2-
,,LAB(CE331P),0(2)
64,CE,CIVIL ENGINEERING,0-0-2-
,,COMMUNICATION,0(2)
,,SKILLS(CE341A),
,,,
,,,
,,,
,,,
,,,
,,,
,,,
65,CE,SOIL MECHANICS(CE351A),2-0-2-
,,,0(8)
66,CE,SOIL MECHANICS(CE351T),3-0-0-
,,,0(9)
67,CE,ENGINEERING,2-0-0-
,,HYDROLOGY(CE361A),0(6)
,,,
68,CE,DESIGN OF STEEL,2-0-0-
,,STRUCTURES(CE371A),0(6)
69,CE,CONSTRUCTION,3-0-0-
,,MANAGEMENT(CE441B),0(5)
,,,
70,CE,APPLICATION OF,3-0-0-
,,GEOTECHNICAL,2(11)
,,ENGINEERING(CE451A),
,,,
71,CE,SPECIAL TOPICS IN,3-0-0-
S.,,,Units
No.,Branch,Course Name/Group Name,(Credits)
,,,
72,CE,TRANSPORTATION,3-0-0-
,,FACILITIES,2(11)
,,DESIGN(CE481A),
73,CE,UNDER GRADUATE,0-0-0-
,,RESEARCH -II(CE491A),0(9)
74,CE,UNDER GRADUATE,0-0-0-
,,RESEARCH -III(CE492A),0(9)
75,CE,UNDER GRADUATE,0-0-0-
,,RESEARCH -IV(CE493A),0(9)
76,CE,MATHEMATICS FOR CIVIL,2-0-0-
,,ENGINEERS(CE603A),0(5)
77,CE,NUMERICAL METHODS FOR,2-0-0-
,,CIVIL ENGINEERS(CE604A),0(5)
78,CE,PROBABILITY AND,2-0-0-
,,STATISTICS FOR CIVIL,0(5)
,,ENGINEERS(CE605A),
79,CE,OPTIMIZATION METHODS,3-0-0-
,,FOR CIVIL,0(5)
,,ENGINEERS(CE606A),
80,CE,ADVANCED,3-0-0-
,,HYDROLOGY(CE610A),0(9)
81,CE,ADVANCED,3-0-0-
,,HYDRAULICS(CE611A),0(9)
82,CE,STRUCTURAL,3-0-0-
,,DYNAMICS(CE620A),0(9)
83,CE,ENGINEERING,3-0-0-
,,MECHANICS(CE621A),0(9)
,,,
84,CE,NONLINEAR STRUCTURAL,3-0-0-
,,ANALYSIS(CE624A),0(9)
85,CE,MASONARY,3-0-0-
,,STRUCTURES(CE625A),0(9)
86,CE,ADVANCED,3-0-0-
,,GEOTECHNICAL,0(9)
,,ENGINEERING(CE631A),
87,CE,GEOTECHNICAL,2-0-3-
,,MEASUREMENTS AND,0(9)
,,EXPLORATION(CE638A),
88,CE,ADVANCEMENTS IN,3-0-0-
,,CONCRETE(CE653B),0(5)
,,,
89,CE,CONCRETE SCIENCE AND,3-0-0-
,,ENGINEERING,0(5)
,,PROPERTIES(CE654A),
90,CE,CONSTRUCTION COST,2-0-0-
,,ESTIMATING CONTROL,0(6)
,,AND ANALYSIS(CE662A),
91,CE,PHYSICO-CHEMICAL,3-0-0-
,,PRINCIPLES AND,0(9)
,,PROCESS(CE664A),
92,CE,ECOLOGICAL AND,3-0-0-
,,BIOLOGICAL PRINCIPLES,0(9)
,,AND PROCESS(CE665A),
93,CE,AIR POLLUTION AND ITS,3-0-0-
,,CONTROL(CE666A),0(9)
94,CE,INTRODUCTION TO,3-0-2-
,,REMOTE SENSING(CE671A),0(11)
95,CE,PHYSICAL,3-0-2-
,,GEODESY(CE678A),0(11)
96,CE,TRAFFIC,3-0-0-
97,CE,STATISTICAL AND,3-0-2-
,,ECONOMETRIC METHODS,0(11)
,,FOR TRANSPORTATION,
,,ENGINEERING(CE687A),
98,CE,M TECH SEMINAR I(CE697A),0-0-0-
,,,0(0)
,,,
99,CE,M. TECH THESIS(CE699),0-0-0-
,,,0(0)
,,,
,,,
100,CE,UNSATURATED SOIL,3-0-0-
,,MECHANICS(CE732A),0(9)
101,CE,PLASTIC EQUILIBRIUM IN,3-0-0-
,,SOILS(CE734A),0(9)
,,,
102,CE,MOMENT ANALYSIS FOR,3-0-0-
,,CONTAMINANT FATE AND,0(9)
,,TRANSPORT(CE737A),
103,CE,HYDROMETRY(CE738A),2-0-3-
,,,0(9)
,,,
104,CE,ADJUSTMENT,2-0-1-
,,COMPUTATIONS FOR,0(6)
,,GEOINFORMATICS-,
,,I(CE770A),
105,CE,REFERENCE FRAMES,3-0-1-
,,COORDINATE SYSTEMS,0(6)
,,AND MAP,
,,PROJECTIONS(CE772A),
106,CE,GEODETIC ASTRONOMY,3-0-1-
107,CE,ANALYSIS AND DESIGN OF,3-0-0-
,,BITUMINOUS,0(9)
,,PAVEMENTS(CE786A),
108,CE,COMPUTATIONAL TOOLS,3-0-2-
,,FOR TRANSPORTATION,0(11)
,,ENGINEERING(CE787A),
,,,
109,CE,LITERATURE SEARCH AND,0-0-0-
,,REVIEW(CE791A),0(5)
,,,
110,CE,SCIENTIFIC WRITING,0-0-0-
,,SKILLS(CE792A),0(5)
,,,
111,CE,SCIENTIFIC PRASENTATION,0-0-0-
,,SKILLS(CE793A),0(5)
,,,
112,CE,SCIENTIFIC DATA,0-0-0-
,,ANALYSIS PRESENTATION,0(5)
,,AND,
,,INTERPRETATION(CE794A),
113,CE,PHD SEMINAR I(CE797A),0-0-0-
,,,0(0)
,,,
114,CE,PHD SEMINAR II(CE798A),0-0-0-
,,,0(0)
,,,
115,CE,PHD THESIS(CE799),0-0-0-
,,,0(0)
,,,
116,CE,MS RESEARCH SEMINAR,0-0-0-
No.,Branch,Course Name/Group Name,(Credits)
S.,,,Units
No.,Branch,Course Name/Group Name,(Credits)
,,I(CE897A),0(0)
,,,
117,CE,MS - RESEARCH,0-0-0-
,,THESIS(CE899),0(0)
,,,
118,CE,MECHANICS OF,3-1-0-
,,SOLIDS(ESO202A),0(11)
,,,
,,,
,,,
,,,
,,,
,,,
,,,
,,,
119,CE,COMPUTATIONAL,3-1-0-
,,METHODS IN,0(11)
,,ENGINEERING(ESO208A),
,,,
,,,
,,,
,,,
,,,
,,,
,,,
,,,
,,,
120,CGS,INTRODUCTION TO,3-0-0-
,,COGNITIVE,0(9)
,,SCIENCE(CGS401A),
121,CGS,COMPUTATIONAL TOOLS,3-0-2-
,,FOR COGNITIVE,0(11)
,,SCIENCE(CGS600A),
122,CGS,FOUNDATIONS OF,3-0-0-
,,COGNITIVE,0(9)
S.,,,Units
No.,Branch,Course Name/Group Name,(Credits)
123,CGS,BASIC STATISTICS DATA,3-0-2-
,,ANALYSIS &,0(11)
,,INFERENCE(CGS602A),
124,CGS,EXPERIMENT DESIGN AND,3-0-0-
,,ANALYSIS(CGS610A),0(5)
125,CGS,BASICS OF,3-0-0-
,,PSYCHOPHYSICS(CGS611A),0(5)
,,,
,,,
126,CGS,CONSCIOUSNESS(CGS652A),3-0-0-
,,,0(9)
127,CGS,PROJECT(CGS702A),0-0-0-
,,,0(9)
,,,
128,CGS,PHD THESIS(CGS799),0-0-0-
,,,0(0)
129,CGS,MS - RESEARCH,0-0-0-
,,THESIS(CGS899),0(0)
130,CHE,INTRODUCTION TO CHE,3-0-0-
,,AND PROCESS,0(9)
,,CALCULATION(CHE251A),
131,CHE,CHEMICAL ENGINEERING,0-0-2-
,,COMMUNICATION,0(2)
,,SKILLS(CHE300A),
132,CHE,HEAT TRANSFER & ITS,3-0-0-
,,APPLICATIONS(CHE312A),0(9)
,,,
133,CHE,MASS TRANSFER & ITS,3-0-0-
,,APPLICATIONS(CHE313A),0(9)
,,,
134,CHE,UG PROJECT (UGP-,0-0-0-
,,I)(CHE349A),4(4)
S.,,,Units
No.,Branch,Course Name/Group Name,(Credits)
135,CHE,CHEMICAL PROCESS,1-0-2-
,,SIMULATION,0(5)
,,LAB(CHE352A),
136,CHE,UG PROJECT II(CHE398A),0-0-9-
,,,0(9)
137,CHE,CHEMICAL ENGINEERING,3-0-2-
,,DESIGN(CHE453A),0(11)
,,,
138,CHE,UNIT OPERATIONS AND,1-0-3-
,,PROCESS CONTROL,2(8)
,,LABORATORY(CHE492A),
139,CHE,UNDER GRADUATE,0-0-0-
,,PROJECT-III(CHE497A),0(9)
140,CHE,UNDER GRADUATE,0-0-9-
,,PROJECT IV(CHE498A),0(9)
141,CHE,TRANSPORT,3-0-0-
,,PHENOMENA(CHE611A),0(9)
142,CHE,THE STRUCTURE &,3-0-0-
,,RHEOLOGY OF COMPLEX,0(9)
,,FLUIDS(CHE613A),
143,CHE,CHEMICAL REACTION,3-0-0-
,,ENGINEERING(CHE631A),0(9)
,,,
144,CHE,ANALYSIS AND DESIGN OF,3-0-0-
,,MULTIPHASE,0(9)
,,REACTORS(CHE632A),
145,CHE,PRINCIPLES OF,3-0-0-
,,HETEROGENEOUS,0(9)
,,CATALYSIS(CHE633A),
146,CHE,MATHEMATICAL METHODS,3-0-0-
,,IN CHEMICAL,0(9)
S.,,,Units
No.,Branch,Course Name/Group Name,(Credits)
147,CHE,MESOSCALE AND,1-0-6-
,,CONTINUUM SIMULATIONS,0(9)
,,IN CHEMICAL,
,,ENGINEERING(CHE643A),
148,CHE,OPTIMIZATION(CHE652A),3-0-0-
,,,0(9)
149,CHE,PROCESS ENGG.,3-0-0-
,,PRINCIPLES IN MICRO.,0(9)
,,FABRICATION(CHE659A),
150,CHE,CONVECTIVE HEAT AND,3-0-0-
,,MASS TRANSFER IN,0(9)
,,CHEMICAL ENGINEERING,
,,APPLICATIONS(CHE663A),
151,CHE,INTRODUCTION TO,3-0-0-
,,PHYSICS OF POLYMERIC,0(9)
,,SYSTEM(CHE677A),
152,CHE,M TECH THESIS(CHE699),0-0-0-
,,,0(0)
,,,
153,CHE,M. TECH.,0-0-0-
,,SEMINAR(CHE701A),0(0)
,,,
,,,
,,,
154,CHE,PHD THESIS(CHE799),0-0-0-
,,,0(0)
155,CHE,PHD SEMINAR(CHE801A),0-0-0-
,,,0(0)
,,,
,,,
,,,
156,CHE,MS - RESEARCH,0-0-0-
,,THESIS(CHE899),0(0)
157,CHE,THERMODYNAMICS(ESO201,3-1-0-
,,A),0(11)
,,,
,,,
,,,
,,,
,,,
,,,
,,,
,,,
,,,
,,,
,,,
,,,
,,,
,,,
,,,
,,,
,,,
,,,
,,,
,,,
,,,
158,CHM,BASIC ORGANIC,3-0-0-
,,CHEMISTRY-I(CHM201A),0(9)
159,CHM,ORGANIC CHEMISTRY,3-0-0-
,,I(CHM303A),0(9)
,,,
160,CHM,ORGANIC QUALITATIVE &,0-0-6-
,,QUANTITATIVE,0(6)
,,ANALYSIS(CHM305A),
161,CHM,PHYSICAL CHEMISTRY,3-0-0-
,,I(CHM321A),0(9)
,,,
162,CHM,INORGANIC CHEMISTRY,3-0-0-
S.,,,Units
No.,Branch,Course Name/Group Name,(Credits)
163,CHM,CHEMISTRY,2-0-0-
,,COMMUNICATION,0(6)
,,SKILLS(CHM361A),
,,,
,,,
,,,
,,,
,,,
164,CHM,UNDER GRADUATE,0-0-4-
,,PROJECT-I(CHM391A),0(4)
165,CHM,ORGANIC CHEMISTRY,3-0-0-
,,I(CHM401A),0(9)
,,,
166,CHM,ORGANIC QUALITATIVE &,0-0-6-
,,QUANTITATIVE,0(6)
,,ANALYSIS(CHM404A),
167,CHM,PHYSICAL CHEMISTRY,3-0-0-
,,I(CHM421A),0(9)
,,,
168,CHM,PHYSICAL CHEMISTRY,0-0-6-
,,LABORATORY(CHM423A),0(6)
,,,
,,,
169,CHM,INORGANIC CHEMISTRY,3-0-0-
,,I(CHM441A),0(9)
170,CHM,UNDER GRADUATE,0-0-0-
,,PROJECT-III(CHM491A),0(9)
171,CHM,ORGANIC PREPARATION,0-0-6-
,,LAB(CHM503A),0(6)
,,,
172,CHM,MATHEMATICS FOR,2-0-0-
,,CHEMISTRY(CHM521A),0(6)
173,CHM,MATHEMATICS FOR,3-0-0-
S.,,,Units
No.,Branch,Course Name/Group Name,(Credits)
,,CHEMISTRY(CHM600A),0(9)
174,CHM,PRINCIPLES OF ORGANIC,3-0-0-
,,CHEMISTRY(CHM609A),0(9)
,,,
175,CHM,PHYSICAL ORGANIC,3-0-0-
,,CHEMISTRY(CHM611A),0(9)
,,,
176,CHM,FRONTIERS IN ORGANIC,3-0-0-
,,CHEMISTRY(CHM612A),0(9)
177,CHM,CHEMICAL,3-0-0-
,,BINDING(CHM621A),0(9)
,,,
178,CHM,PRINCIPLES OF PHYSICAL,3-0-0-
,,CHEMISTRY(CHM629A),0(9)
,,,
179,CHM,APPLICATIONS OF MODERN,3-0-0-
,,INSTRUMENTAL,0(9)
,,METHODS(CHM631A),
,,,
180,CHM,PHYSICAL,3-0-0-
,,PHOTOCHEMISTRY(CHM636,0(9)
,,A),
181,CHM,BIO-INORGANIC,3-0-0-
,,CHEMISTRY(CHM646A),0(9)
182,CHM,MACROCYCLES RINGS AND,3-0-0-
,,POLYMERS(CHM647A),0(9)
,,,
183,CHM,THE CHEMISTRY OF,3-0-0-
,,METAL-CARBON BOND:,0(9)
,,STRUCTURE REACTIVITY &,
,,APPLICATIONS(CHM648A),
184,CHM,PRINCIPLES OF INORGANIC,3-0-0-
,,CHEMISTRY(CHM649A),0(9)
S.,,,Units
No.,Branch,Course Name/Group Name,(Credits)
,,,
185,CHM,ORGANIC STRUCTURE,3-0-0-
,,DETERMINATION BY,0(9)
,,SPECTROSCOPIC,
,,TECHNIQUES(CHM656A),
186,CHM,CHEMISTRY OF NATURAL,3-0-0-
,,PRODUCTS(CHM662A),0(9)
,,,
187,CHM,MODERN PHYSICAL,3-0-0-
,,METHODS IN,0(9)
,,CHEMISTRY(CHM664A),
188,CHM,FRONTIERS IN INORGANIC,3-0-0-
,,CHEMISTRY(CHM691A),0(9)
,,,
,,,
189,CHM,SPECIAL TOPICS IN,3-0-0-
,,PHYSICAL,0(9)
,,CHEMISTRY(CHM692A),
190,CHM,MOLECULAR MODELLING,3-0-0-
,,IN CHEMISTRY(CHM695A),0(9)
191,CHM,QUANTUM,3-0-0-
,,COMPUTING(CHM696A),0(9)
,,,
192,CHM,LASERS IN CHEMISTRY,3-0-0-
,,AND BIOLOGY(CHM697A),0(9)
193,CHM,RESEARCH(CHM799),0-0-0-
,,,0(0)
194,CHM,GENERAL,0-0-0-
,,SEMINAR(CHM800A),0(0)
195,CHM,GRADUATE,0-0-0-
,,SEMINAR(CHM801A),0(0)
196,COM,COMMUNICATION SKILLS:,1-0-2-
S.,,,Units
No.,Branch,Course Name/Group Name,(Credits)
,,COMPOSITION(COM200),0(5)
197,CSE,MATHEMATICS FOR,3-0-0-
,,COMPUTER SCIENCE -,0(9)
,,I(CS201A),
,,,
198,CSE,TECHNICAL,0-0-2-
,,COMMUNICATION(CS300A),0(2)
199,CSE,OPERATING,3-0-3-
,,SYSTEMS(CS330A),0(12)
,,,
,,,
200,CSE,THEORY OF,3-0-0-
,,COMPUTATION(CS340A),0(9)
,,,
201,CSE,ALGORITHMS -II(CS345A),3-0-0-
,,,0(9)
202,CSE,PRINCIPLES OF,3-0-0-
,,PROGRAMMING,0(9)
,,LANGAUGES(CS350A),
203,CSE,UG PROJECT (UGP-,0-0-0-
,,I)(CS395A),0(4)
204,CSE,UG PROJECT (UGP-,0-0-0-
,,II)(CS396A),0(9)
205,CSE,COMPUTER,3-0-0-
,,ARCHITECTURE(CS422A),0(9)
,,,
206,CSE,UNDER GRADUATE,0-0-0-
,,PROJECT-III(CS498A),0(9)
207,CSE,UNDER GRADUATE,0-0-0-
,,PROJECT-IV(CS499A),0(9)
208,CSE,PROGRAMMING FOR,3-0-0-
,,PERFORMANCE(CS610A),0(9)
S.,,,Units
No.,Branch,Course Name/Group Name,(Credits)
,,,
209,CSE,COMPUTER SYSTEMS,3-0-0-
,,SECURITY(CS628A),0(9)
,,,
,,,
210,CSE,EMBEDDED AND CYBER-,3-0-0-
,,PHYSICAL,0(9)
,,SYSTEMS(CS637A),
211,CSE,PROGRAM ANALYSIS,3-0-0-
,,VERIFICATION AND,0(9)
,,TESTING(CS639A),
212,CSE,CIRCUIT COMPLEXITY,3-0-0-
,,THEORY(CS642A),0(9)
,,,
213,CSE,ADVANCED TOPICS IN,3-0-0-
,,ALGORITHMS & DATA,0(9)
,,STRCUTURES(CS647A),
,,,
214,CSE,ALGORITHMIC GAME,3-0-0-
,,THEORY(CS656A),0(9)
,,,
215,CSE,HARDWARE SECURITY OF,3-0-0-
,,INTERNET OF,0(9)
,,THINGS(CS666A),
216,CSE,INTRODUCTION TO,3-0-0-
,,INTERNET OF THINGS & ITS,0(9)
,,INDUSTRIAL,
,,APPLICATIONS(CS667A),
217,CSE,PRACTICAL CYBER,3-0-0-
,,SECURITY FOR CYBER,0(9)
,,PRACTITIONERS(CS668A),
218,CSE,QUANTUM,3-0-0-
,,COMPUTING(CS682A),0(9)
219,CSE,COMPUTATIONAL,3-0-0-
,,LINGUISTICS FOR INDIAN,0(9)
,,LANGUAGES(CS689A),
220,CSE,COMPUTATIONAL,3-0-0-
,,GENOMICS(CS690A),0(9)
,,,
221,CSE,SPECIAL TOPICS IN,0-0-0-
,,COMPUTER,0(9)
,,SCIENCE(CS697A),
222,CSE,SENSING,3-0-0-
,,COMMUNICATIONS AND,0(9)
,,NETWORKING FOR SMART,
,,WIRELESS,
,,DEVICES(CS698F),
223,CSE,PRACTICAL CYBER,3-0-0-
,,SECURITY FOR CYBER,0(9)
,,PRACTITIONERS(CS698S),
224,CSE,M TECH THESIS(CS699),0-0-0-
,,,0(0)
225,CSE,SENSING,3-0-0-
,,COMMUNICATIONS AND,0(9)
,,NETWORKING FOR SMART,
,,WIRELESS,
,,DEVICES(CS724A),
226,CSE,ADVANCED COMPILER,3-0-0-
,,OPTIMIZATIONS(CS738A),0(9)
,,,
,,,
227,CSE,INTRODUCTION TO,3-0-0-
,,MACHINE,0(9)
,,LEARNING(CS771A),
228,CSE,PROBABILISTIC MACHINE,3-0-0-
229,CSE,SPECIAL TOPICS IN,3-0-0-
,,COMPUTER,0(9)
,,SCIENCE(CS797A),
230,CSE,COMPUTATIONAL,3-0-0-
,,LINGUISTICS FOR INDIAN,0(9)
,,LANGUAGES(CS798B),
231,CSE,POST QUANTUM,3-0-0-
,,CRYPTOGRAPHY(CS798C),0(9)
,,,
,,,
232,CSE,ALGORITHMS FOR,3-0-0-
,,BAYESIAN NETWORKS AND,0(9)
,,CAUSALITY(CS798D),
233,CSE,PHD THESIS(CS799),0-0-0-
,,,0(0)
234,CSE,MS - RESEARCH,0-0-0-
,,THESIS(CS899),0(0)
235,CSE,DATA STRUCTURE &,3-0-3-
,,ALGORITHM(ESO207A),0(12)
236,ECO,INTRODUCTION TO,3-1-0-
,,ECONOMICS(ECO101A),0(11)
,,,
,,,
237,ECO,MICROECONOMICS,3-0-0-
,,I(ECO201A),0(9)
238,ECO,MACROECONOMICS,3-0-0-
,,I(ECO221A),0(9)
239,ECO,MICROECONOMICS,3-0-0-
S.,,,Units
No.,Branch,Course Name/Group Name,(Credits)
,,LEARNING(CS772A),0(9)
S.,,,Units
No.,Branch,Course Name/Group Name,(Credits)
240,ECO,MACROECONOMICS-,3-0-0-
,,II(ECO321A),0(9)
,,,
241,ECO,ECONOMETRICS I(ECO341A),3-0-3-
,,,0(12)
,,,
242,ECO,TECHNICAL,0-0-2-
,,COMMUNICATION(ECO397A,0(2)
,,),
243,ECO,UG PROJECT (UGP-,0-0-0-
,,I)(ECO398A),0(4)
244,ECO,INDUSTRIAL,3-0-0-
,,ECONOMICS(ECO411A),0(9)
,,,
245,ECO,INTERNATIONAL,3-0-0-
,,ECONOMICS AND,0(9)
,,FINANCE(ECO412A),
246,ECO,MACROECONOMICS AND,3-0-0-
,,FINANCE(ECO421A),0(9)
247,ECO,FINANCIAL,3-0-0-
,,ECONOMICS(ECO423A),0(9)
248,ECO,UNDER GRADUATE,0-0-0-
,,PROJECT-III(ECO498A),0(9)
249,ECO,ECONOMIC ANALYSIS OF,3-0-0-
,,LAW(ECO504A),0(9)
250,ECO,BEHAVIOURAL AND,3-0-0-
,,EXPERIMENTAL,0(9)
,,ECONOMICS(ECO506A),
251,ECO,MARKET DESIGN(ECO511A),3-0-0-
,,,0(9)
252,ECO,ECONOMIC GROWTH,3-0-0-
,,THEORY AND,0(9)
253,ECO,M SC THESIS(ECO699),0-0-0-
,,,0(9)
254,ECO,MICROECONOMICS(ECO701,3-0-0-
,,A),0(9)
255,ECO,ECONOMETRICS(ECO704A),3-0-0-
,,,0(9)
256,ECO,TOPICS IN MATHEMATICAL,3-0-0-
,,ECONOMICS: ASSET,0(9)
,,PRICING THEORY,
,,I(ECO719A),
257,ECO,ADVANCED MONETARY,3-0-0-
,,THEORY(ECO745A),0(9)
258,ECO,QUANTITATIVE ANALYSIS,3-0-0-
,,OF INTERNATIONAL,0(9)
,,TRADE(ECO752A),
259,ECO,GAME THEORY(ECO754A),3-0-0-
,,,0(9)
260,ECO,TOPICS IN ECONOMIC,3-0-0-
,,GROWTH(ECO758A),0(9)
,,,
261,ECO,MATHEMATICAL,3-0-0-
,,ANALYSIS FOR,0(9)
,,ECONOMICS(ECO760A),
262,ECO,PHD THESIS(ECO799),0-0-0-
,,,0(0)
263,EE,SIGNALS SYSTEMS &,3-1-0-
S.,,,Units
No.,Branch,Course Name/Group Name,(Credits)
,,,
,,,
,,,
,,,
,,,
264,EE,PRINCIPLES OF,3-1-0-
,,COMMUNICATION(EE320A),0(11)
,,,
,,,
,,,
,,,
,,,
265,EE,POWER SYSTEMS(EE330A),3-1-0-
,,,0(11)
,,,
,,,
,,,
,,,
,,,
266,EE,DIGITAL,3-1-0-
,,ELECTRONICS(EE370A),0(11)
,,,
,,,
,,,
,,,
,,,
267,EE,ELECTRICAL ENGINEERING,0-2-6-
,,LAB I(EE380A),0(12)
,,,
,,,
,,,
,,,
,,,
,,,
,,,
268,EE,ELECTRICAL ENGINEERING,0-3-6-
,,LABORATORY -II(EE381A),0(12)
269,EE,ELECTRICAL ENGINEERING,0-0-2-
,,COMMUNICATION,0(2)
,,SKILLS(EE390A),
270,EE,ELECTRICAL ENGINEERING,0-0-2-
,,UNDER GRADUATE,0(4)
,,PROJECT I(EE391A),
271,EE,ELECTRICAL ENGINEERING,0-2-6-
,,LAB I(EE480A),0(10)
,,,
,,,
,,,
,,,
272,EE,ELECTRICAL ENGINEERING,0-3-6-
,,LABORATORY -II(EE481A),0(6)
273,EE,UNDER GRADUATE,0-0-0-
,,PROJECT -III(EE491A),0(9)
274,EE,STATISTICAL SIGNAL,3-0-0-
,,PROCESSING-I(EE602A),0(9)
275,EE,MACHINE LEARNING FOR,3-0-0-
,,SIGNAL,0(9)
,,PROCESSING(EE603A),
276,EE,IMAGE,3-0-0-
,,PROCESSING(EE604A),0(9)
277,EE,INTRODUCTION TO SIGNAL,3-0-0-
,,ANALYSIS(EE605A),0(9)
,,,
278,EE,ANALOG/DIGITAL VLSI,3-0-0-
,,CIRCUITS(EE610A),0(9)
279,EE,SOLID STATE DEVICES,3-0-0-
,,I(EE614A),0(9)
280,EE,SEMICONDUCTOR DEVICE,3-0-0-
281,EE,INDUSTRIAL AUTOMATION,3-0-0-
,,AND CONTROL(EE617A),0(9)
282,EE,INTEGRATED CIRCUIT,3-0-0-
,,FABRICATION,0(9)
,,TECHNOLOGY(EE618A),
283,EE,VLSI SYSTEM,3-0-0-
,,DESIGN(EE619A),0(9)
284,EE,REPRESENTATION AND,3-0-0-
,,ANALYSIS OF RANDOM,0(9)
,,SIGNALS(EE621A),
285,EE,DIGITAL,3-0-0-
,,SWITCHING(EE629A),0(9)
286,EE,SIMULATON OF MODERN,3-0-3-
,,POWER SYSTEMS(EE630A),0(12)
,,,
287,EE,ECONOMIC OPERATION &,3-0-0-
,,CONTROL OF POWER,0(9)
,,SYSTEMS(EE632A),
288,EE,ELECTRICAL INSULATION,3-0-0-
,,IN POWER APPARATUS,0(9)
,,AND SYSTEMS(EE634A),
289,EE,ADVANCED ENGINEERING,3-0-0-
,,ELECTROMAGNETICS(EE64,0(9)
,,1A),
290,EE,ANTENNAS ANALYSIS &,3-0-0-
,,SYNTHESIS(EE642A),0(9)
,,,
,,,
,,,
291,EE,MONOLITHIC MICROWAVE,3-0-0-
,,ICS(EE645A),0(9)
,,,
292,EE,MICROWAVE,2-0-3-
293,EE,BASICS OF MODERN,3-0-0-
,,CONTROL,0(9)
,,SYSTEMS(EE650A),
294,EE,DIGITAL CONTROL(EE653A),3-0-0-
,,,0(9)
,,,
,,,
295,EE,COMPUTATIONAL ASPECTS,3-0-0-
,,OF TOMOGRAPHIC,0(9)
,,IMAGING : MODELS TO,
,,INVERSIONS(EE659A),
296,EE,BASICS OF POWER,3-0-3-
,,ELECTRONIC,0(12)
,,CONVERTERS(EE660A),
297,EE,FUNDAMENTALS OF,3-0-0-
,,ELECTRIC DRIVES(EE664A),0(9)
,,,
,,,
298,EE,INFORMATION,3-0-0-
,,THEORY(EE667A),0(9)
,,,
,,,
299,EE,WIRELESS,3-0-0-
,,COMMUNICATIONS(EE670A,0(9)
,,),
300,EE,DIGITAL COMMUNICATION,3-0-0-
,,NETWORKS(EE673A),0(9)
301,EE,SIMULATION BASED,3-0-0-
S.,,,Units
No.,Branch,Course Name/Group Name,(Credits)
,,MEASUREMENTS AND,0(9)
,,DESIGN(EE647A),
S.,,,Units
No.,Branch,Course Name/Group Name,(Credits)
302,EE,SMART GRID,3-0-0-
,,TECHNOLOGIES(EE679A),0(9)
,,,
,,,
303,EE,QUANTUM AND WAVE,3-0-0-
,,PHENOMENA(EE683A),0(9)
304,EE,FIBER-OPTIC,3-0-0-
,,COMMUNICATIONS(EE684A,0(9)
,,),
305,EE,SEMICONDUCTOR OPTICAL,3-0-0-
,,COMMUNICATION,0(9)
,,DEVICES(EE685A),
306,EE,SPECIAL TOPICS IN,3-0-0-
,,MICROELECTRONICS(EE698,0(9)
,,D),
307,EE,RF,3-0-0-
,,MICROELECTRONICS(EE698,0(9)
,,F),
308,EE,ANALOG CIRCUITS FOR,3-0-0-
,,SIGNAL,0(9)
,,PROCESSING(EE698W),
309,EE,M TECH THESIS(EE699),0-0-0-
,,,0(0)
,,,
310,EE,MACHINE LEARNING,3-0-0-
,,THEORY(EE798C),0(9)
311,EE,INTRODUCTION TO,3-0-0-
,,TRANSPORTATION,0(9)
,,ELECTRIFICATION(EE798D),
312,EE,SMART GRID MONITORING,3-0-0-
,,AND,0(9)
,,VISUALIZATION(EE798E),
313,EE,ADVANCED MODULATION,3-0-0-
S.,,,Units
No.,Branch,Course Name/Group Name,(Credits)
,,,
,,,
,,,
,,,
,,,
,,,
,,,
,,,
,,,
,,,
,,,
,,,
317,EE,INTRODUCTION TO,3-1-2-
,,ELECTRICAL,0(13)
,,ENGINEERING(ESO203A),
,,,
318,ES,CRYSTALLOGRAPHY AND,3-0-2-
,,MINERALOGY(ES311A),0(11)
,,,
,,,
319,ES,CRYSTALLOGRAPHY AND,0-0-2-
,,MINERALOGY LAB(ES311P),0(2)
,,,
320,ES,COMMUNICATION SKILLS,0-0-2-
,,IN EARTH,0(2)
,,SCIENCES(ES400A),
321,ES,STRUCTURAL,2-0-3-
,,GEOLOGY(ES411A),0(9)
,,,
322,ES,SEDIMENTARY PROCESSES,2-0-2-
,,& STRATIGRAPHIC,0(8)
,,PRINCIPLES(ES412A),
323,ES,GEOLOGICAL EVOLUTION,2-0-0-
,,OF INDIAN PLATE(ES417A),0(6)
324,ES,ECONOMIC,3-0-0-
,,GEOLOGY(ES450A),0(9)
,,,
325,ES,ENVIRONMENTAL,3-0-0-
,,GEOLOGY(ES451A),0(9)
,,,
326,ES,ENGINEERING,3-0-0-
,,GEOLOGY(ES452A),0(9)
,,,
327,ES,ANALYTICAL METHODS IN,2-0-3-
,,EARTH SCIENCES(ES455A),0(9)
,,,
328,ES,MS PROJECT(ES599),0-0-0-
,,,0(36)
329,ES,REMOTE SENSING AND GIS,2-0-3-
,,FOR GEO-RESOURCE,0(9)
,,EVALUATION(ES644A),
330,ES,ISOTOPE GEOCHEMISTRY,3-0-0-
,,AND,0(9)
,,APPLICATIONS(ES649A),
331,ES,COMMUNICATION SKILLS,0-0-0-
,,IN EARTH,0(0)
,,SCIENCES(ES650A),
332,ES,MATHEMATICS FOR EARTH,3-0-0-
,,SCIENCES(ES651A),0(9)
333,ES,ADVANCED STRUCTURAL,3-0-0-
,,GEOLOGY(ES654A),0(9)
334,ES,SOLID EARTH,3-1-0-
,,GEOPHYSICS(ES655A),0(11)
,,,
,,,
335,ES,ADVANCED METAMORPHIC,3-0-0-
336,ES,PHYSICS OF,3-0-0-
,,EARTHQUAKES(ES665A),0(9)
,,,
337,ES,M TECH THESIS(ES699),0-0-0-
,,,0(0)
,,,
,,,
338,ES,PH D THESIS(ES799),0-0-0-
,,,0(0)
339,ES,FUNDAMENTALS OF EARTH,3-0-0-
,,SCIENCES(ESO213A),0(9)
340,HSS,ELEMENTS OF VISUAL,3-1-0-
,,REPRESENTATION(ART106A,0(11)
,,),
341,HSS,THE ART OF AMERICAN,3-0-0-
,,WAR MOVIES(ART404A),0(9)
342,HSS,20TH-21ST CENTURY,3-0-0-
,,VISUAL CULTURE IN,0(9)
,,INDIA(ART407A),
343,HSS,ART A MEDIUM OF,2-0-3-
,,COMMUNICATION(ART704A,0(9)
,,),
344,HSS,RESEARCH METHODS IN,2-0-3-
,,VISUAL,0(9)
,,CULTURE(ART708A),
345,HSS,CREATIVE PAINTING-,2-0-3-
,,METHODOLOGY &,0(9)
,,PRACTICES(ART711A),
346,HSS,INTRODUCTION TO,3-1-0-
,,LITERATURE(ENG123A),0(11)
,,,
,,,
347,HSS,LANGUAGE AND,3-1-0-
348,HSS,INTRODUCTION TO FILM,3-1-0-
,,STUDIES(ENG125A),0(11)
,,,
,,,
349,HSS,SECOND LANGUAGE,3-0-0-
,,ACQUISITION(ENG408A),0(9)
350,HSS,LITERATURE AND,3-0-0-
,,IDEOLOGY(ENG432A),0(9)
,,,
351,HSS,MODERN DRAMA(ENG433A),3-0-0-
,,,0(9)
352,HSS,INDIAN,3-0-0-
,,LITERATURE(ENG437A),0(9)
353,HSS,LANGUAGES OF SOUTH,3-0-0-
,,ASIA(ENG448A),0(9)
354,HSS,INTRODUCTION TO INDIAN,3-0-0-
,,ENGLISH,0(5)
,,POETRY(ENG454A),
355,HSS,CLIMATE FICTION AND,3-0-0-
,,FILMS(ENG456A),0(9)
356,HSS,SYNTAX AND STRUCTURES,3-0-0-
,,OF LANGUAGE(ENG467A),0(9)
,,,
357,HSS,LANGUAGE CURRICULUM,3-0-0-
,,DESIGN(ENG707A),0(9)
358,HSS,LINGUISTIC,3-0-0-
,,ANALYSIS(ENG709A),0(9)
,,,
359,HSS,INDIVIDUAL,3-0-0-
S.,,,Units
No.,Branch,Course Name/Group Name,(Credits)
,,SOCIETY(ENG124A),0(11)
360,HSS,FEMINIST THEORY AND,3-0-0-
,,LITERATURE(ENG743A),0(9)
,,,
361,HSS,DOCUMENTARY FILM-,3-0-0-
,,HISTORY &,0(9)
,,THEORY(ENG744A),
362,HSS,POSTWAR AMERICAN,3-0-0-
,,FICTION(ENG750A),0(9)
,,,
363,HSS,RESEARCH METHODS IN,3-0-0-
,,ENGLISH AS A SECOND,0(9)
,,LANGUAGE,
,,STUDIES(ENG755A),
364,HSS,LANGUAGE,0-0-0-
,,DOCUMENTATION AND,9(9)
,,DESCRIPTION(ENG763A),
365,HSS,PERSPECTIVES OF THE,3-0-0-
,,POSTHUMAN AND / IN THE,0(9)
,,ANTHROPOCENE(ENG777A),
366,HSS,PHD THESIS(ENG799),0-0-0-
,,,0(0)
367,HSS,PHD THESIS(FA799),0-0-0-
,,,0(0)
368,HSS,INTRODUCTION TO,3-1-0-
,,PHILOSOPHY(PHI141A),0(11)
,,,
369,HSS,PHILOSOPHY OF,3-1-0-
,,BEAUTY(PHI161A),0(11)
,,,
370,HSS,MORAL THINKING(PHI447A),3-0-0-
371,HSS,PHILOSOPHY OF,3-0-0-
,,COGNITIVE,0(9)
,,SCIENCE(PHI452A),
372,HSS,PHILOSOPHICAL,3-0-0-
,,LOGIC(PHI455A),0(9)
,,,
373,HSS,PROBLEMS IN,3-0-0-
,,PHILOSOPHICAL,0(9)
,,AESTHETICS(PHI752A),
374,HSS,MORAL,3-0-0-
,,JUDGEMENT(PHI757A),0(9)
375,HSS,MODAL LOGIC(PHI768A),3-0-0-
,,,0(9)
,,,
,,,
376,HSS,SOCIAL AND POLITICAL,3-0-0-
,,PHILOSPHY(PHI774A),0(9)
,,,
377,HSS,EVOLUTIONARY THEORIES,3-0-0-
,,OF KNOWLEDGE AND,0(9)
,,COGNITION(PHI786A),
378,HSS,PHD THESIS(PHI799),0-0-0-
,,,0(0)
379,HSS,APPLICATION OF,3-1-0-
,,PSYCHOLOGY TO,0(11)
,,LIFE(PSY152A),
,,,
380,HSS,INTRODUCTION TO,3-0-0-
,,ABNORMAL,0(5)
,,PSYCHOLOGY(PSY452A),
381,HSS,SOCIAL,3-0-0-
,,COGNITION(PSY468A),0(9)
382,HSS,QUALITATIVE RESEARCH :,3-0-0-
383,HSS,SEMINAR COURSE IN,3-0-0-
,,PSYCHOLOGY(PSY776A),0(9)
,,,
384,HSS,ADVANCED COURSE IN,3-0-0-
,,SOCIAL,0(9)
,,COGNITION(PSY798A),
385,HSS,PHD THESIS(PSY799),0-0-0-
,,,0(0)
386,HSS,INTRODUCTORY,3-1-0-
,,SOCIOLOGY(SOC171A),0(11)
,,,
,,,
387,HSS,INTRODUCTORY,3-1-0-
,,SOCIOLOGY(SOC171B),0(11)
,,,
388,HSS,INTRODUCTION TO INDIAN,3-1-0-
,,SOCIETY(SOC173A),0(11)
,,,
,,,
389,HSS,SOCIOLOGY OF,3-0-0-
,,DEVELOPMENT(SOC470A),0(9)
390,HSS,INDIAN SOCIETY AND,3-0-0-
,,CULTURE(SOC473A),0(9)
391,HSS,URBAN HABITAT AND,3-0-0-
,,SOCIAL,0(9)
,,INTERACTION(SOC477A),
392,HSS,SOCIETY AND SOCIAL,3-0-0-
,,PROBLEMS OF,0(9)
,,INDIA(SOC481A),
,,,
393,HSS,HUMAN RIGHTS THEORY,3-0-0-
S.,,,Units
No.,Branch,Course Name/Group Name,(Credits)
,,AND PRACTICE(SOC486A),0(9)
,,,
394,HSS,RESEARCH,3-0-0-
,,METHODS(SOC720A),0(9)
,,,
395,HSS,SOCIOLOGICAL,3-0-0-
,,THEORY(SOC721A),0(9)
396,HSS,SOCIOLOGY OF,3-0-0-
,,ENVIRONMENT(SOC742A),0(9)
,,,
,,,
397,HSS,SOCIOLOGY OF,3-0-0-
,,MONEY(SOC755A),0(9)
,,,
,,,
398,HSS,PHD THESIS(SOC799),0-0-0-
,,,0(0)
399,IME,PROBABILITY AND,3-0-0-
,,STATISTICS(IME602A),0(9)
400,IME,INTRODUCTION TO,3-0-0-
,,COMPUTING(IME603A),0(9)
401,IME,OPERATIONS RESEARCH,3-0-0-
,,FOR,0(9)
,,MANAGEMENT(IME605A),
402,IME,FINANCIAL,3-0-0-
,,ENGINEERING(IME611A),0(9)
,,,
403,IME,INTRODUCTION TO GAME,3-0-0-
,,THEORY(IME636A),0(9)
404,IME,DATA MINING AND,3-0-0-
,,KNOWLEDGE,0(9)
S.,,,Units
No.,Branch,Course Name/Group Name,(Credits)
405,IME,ADVANCED STATISTICAL,3-0-0-
,,METHODS FOR BUSINESS,0(9)
,,ANALYTICS(IME692A),
406,IME,SEMINAR(IME698A),0-0-0-
,,,0(0)
407,IME,M TECH THESIS(IME699),0-0-0-
,,,0(0)
408,IME,STATISTICAL METHODS,3-0-0-
,,FOR MANAGEMENT,0(9)
,,RESEARCH(IME701A),
409,IME,PHD THESIS(IME799),0-0-0-
,,,0(0)
410,IME,ACCOUNTING &,3-0-0-
,,FINANCE(MBA601A),1(10)
411,IME,ECONOMIC ANALYSIS FOR,3-0-0-
,,MANAGEMENT(MBA606A),1(10)
,,,
412,IME,INVESTMENT VALUATION,3-0-0-
,,AND REAL,1(10)
,,OPTIONS(MBA610A),
413,IME,ORGANIZATION,3-0-0-
,,STRUCTURE AND,1(10)
,,DESIGN(MBA611A),
414,IME,STRATEGIC,3-0-0-
,,MANAGEMENT(MBA623A),0(10)
415,IME,MANAGEMENT OF,3-0-0-
,,TECHNOLOGY(MBA626A),0(10)
416,IME,MARKETING,3-0-0-
,,MANAGEMENT(MBA631A),1(10)
417,IME,SIMULATION OF BUSINESS,3-0-0-
,,SYSTEMS(MBA643A),0(10)
418,IME,ENTERPRISE INTEGRATION,3-0-0-
,,WITH IT(MBA646A),0(9)
419,IME,BUSINESS PROCESS,3-0-0-
,,MANAGEMENT(MBA647A),0(10)
,,,
420,IME,QUANTITATIVE METHODS,3-0-0-
,,FOR DECISION,1(10)
,,MAKING(MBA651A),
421,IME,TOTAL QUALITY,3-0-0-
,,MANAGEMENT(MBA663A),1(10)
422,IME,SUPPLY CHAIN,3-0-0-
,,MANAGEMENT(MBA664A),0(10)
423,IME,PROJECT,3-0-0-
,,MANAGEMENT(MBA666A),1(10)
424,IME,INTRODUCTION TO POLICY,3-0-0-
,,MAKING(MBA669A),0(10)
,,,
425,IME,MANAGING SERVICE,3-0-0-
,,OPERATIONS(MBA671A),0(10)
426,IME,MANAGEMENT,0-0-0-
,,SEMINARS(MBA698A),0(0)
427,IME,CAPSTONE PROJECT,0-0-0-
,,I(MBA701A),0(9)
428,IME,ORGANIZATIONAL,3-0-0-
,,STAFFING(MBA712A),0(5)
429,IME,PERFORMANCE,3-0-0-
,,MANAGEMENT(MBA713A),0(5)
430,IME,GOVERNANCE OF GLOBAL,3-0-0-
,,VALUE CHAINS(MBA717A),0(5)
,,,
431,IME,RETAIL,3-0-0-
S.,,,Units
No.,Branch,Course Name/Group Name,(Credits)
,,MANAGEMENT(MBA720A),0(10)
432,IME,BUSINESS TO BUSINESS,3-0-0-
,,MARKETING(MBA731A),1(5)
,,,
433,IME,STRATEGIC MARKETING,3-0-0-
,,COMMUNICATIONS(MBA73,0(5)
,,6A),
434,IME,CAUSAL INFERENCE,3-0-0-
,,METHODS FOR BUSINESS,0(5)
,,ANALYTICS(MBA753A),
435,IME,DERIVATIVE,3-0-0-
,,CONTRACTS(MBA772A),0(5)
,,,
436,IME,FINANCIAL,3-0-0-
,,INTERMEDIATION &,0(5)
,,COMMERCIAL,
,,BANKING(MBA773A),
437,IME,CREDIT RISK,3-0-0-
,,MANAGEMENT &,0(5)
,,MODELLING(MBA774A),
438,IME,RENEWABLE ENERGY -,3-0-0-
,,ECONOMICS POLICY AND,0(5)
,,REGULATION(MBA782A),
439,IME,PRODUCT DESIGN AND,0-0-0-
,,NEW PRODUCT,0(8)
,,MANAGEMENT(VLM601),
,,,
440,IME,SUPPLY CHAIN,0-0-0-
,,MANAGEMENT(VLM602),0(4)
441,IME,ADVANCE,0-0-0-
,,MATERIALS(VLM603),0(3)
442,IME,AUTOMATION & ROBOTICS,0-0-0-
,,IN,0(3)
,,MANUFACTURING(VLM604),
443,IME,COMPUTER INTEGRATED,0-0-0-
,,MANUFACTURING,0(3)
,,SYSTEMS(VLM605),
444,IME,DATA ANALYSIS AND,0-0-0-
,,DECISION,0(3)
,,MAKING(VLM606),
445,MDES,DESIGN THEORY(DES601A),2-0-3-
,,,0(9)
,,,
446,MDES,DESIGN PRACTICE,2-0-3-
,,I(DES602A),0(9)
,,,
447,MDES,INTEGRATED PRODUCT,2-0-3-
,,DEVELOPMENT-I(DES633A),0(9)
448,MDES,METHODS FOR DESIGN,2-0-3-
,,RESEARCH(DES635A),0(9)
,,,
449,MDES,DESIGN PROJECT,1-0-6-
,,I(DES681A),0(9)
,,,
450,MDES,M DES THESIS(DES699),0-0-0-
,,,0(0)
,,,
,,,
451,MDES,PH.D THESIS(DES799),0-0-0-
,,,0(0)
452,ME,DYNAMICS(ESO209A),2-1-0-
453,ME,FLUID MECHANICS,0-0-1-
,,LAB(ME231P),0(1)
454,ME,ENGINEERING DESIGN AND,1-0-2-
,,GRAPHICS(ME251A),0(5)
,,,
455,ME,ENERGY SYSTEMS,2-0-0-
,,I(ME301A),0(6)
,,,
456,ME,ADVANCE MECHANICS OF,2-0-1-
,,SOLIDS(ME321A),0(7)
457,ME,INTRODUCTION TO,3-0-0-
,,REFRIGERATION AND AIR,0(9)
,,CONDITIONING(ME340A),
458,ME,THEORY OF MECHANISMS,2-0-1-
,,& MACHINES(ME352A),0(7)
459,ME,INTERNAL COMBUSTION,3-0-0-
,,ENGINES(ME359A),0(9)
460,ME,MANUFACTURING SCIENCE,3-0-1-
,,& TECHNOLOGY(ME361A),0(10)
,,,
461,ME,MANUFACTURING SCIENCE,0-0-1-
,,& TECHNOLOGY,0(1)
,,LAB(ME361P),
462,ME,MECHANICAL,0-0-0-
,,ENGINEERING,2(2)
,,COMMUNICATION,
,,SKILLS(ME399A),
463,ME,ENERGY SYSTEMS-,3-0-1-
S.,,,Units
No.,Branch,Course Name/Group Name,(Credits)
,,II(ME401A),0(10)
,,,
,,,
464,ME,NUMERICAL SOLUTIONS IN,3-0-0-
,,ENGINEERING,0(9)
,,MECHANICS(ME454A),
465,ME,UG PROJECT-IV(ME498A),0-0-0-
,,,0(9)
,,,
466,ME,INTRODUCTION TO SOLID,3-0-0-
,,MECHANICS(ME621A),0(9)
467,ME,FINITE ELEMENT METHODS,3-0-0-
,,IN ENGINEERING,0(9)
,,MECHANICS(ME623A),
468,ME,APPLIED DYNAMICS AND,3-0-0-
,,VIBRATIONS(ME625A),0(9)
469,ME,COMPUTATIONAL FLUID,3-0-0-
,,DYNAMICS AND HEAT,0(9)
,,TRANSFER(ME630A),
470,ME,VISCOUS FLOW,3-0-0-
,,THEORY(ME631A),0(9)
471,ME,CONDUCTION AND,3-0-0-
,,RADIATION(ME641A),0(9)
472,ME,EXPERIMENTAL METHODS,3-0-0-
,,IN THERMAL,0(9)
,,SCIENCES(ME649A),
473,ME,MACHINING SCIENCE,3-0-0-
,,II(ME662A),0(9)
,,,
474,ME,DAMAGE MECHANICS OF,3-0-0-
,,COMPOSITE,0(9)
S.,,,Units
No.,Branch,Course Name/Group Name,(Credits)
475,ME,MATHEMATICS FOR,3-0-0-
,,ENGINEERS(ME681A),0(9)
,,,
476,ME,APPLIED NUMERICAL,3-0-0-
,,METHODS(ME685A),0(9)
477,ME,MICROSCALE THERMAL,0-0-0-
,,ENGINEERING(ME689A),0(9)
478,ME,WORLD HISTORY OF,3-0-0-
,,ENERGY(ME698D),0(9)
,,,
,,,
479,ME,COMPRESSIBLE,3-0-0-
,,FLOW(ME698J),0(9)
480,ME,BUBBLES AND,3-0-0-
,,DROPLETS(ME698K),0(9)
,,,
481,ME,MODELING OF,3-0-0-
,,MULTIPHYSICS,0(9)
,,SYSTEMS(ME698N),
482,ME,M TECH THESIS(ME699),0-0-0-
,,,0(0)
,,,
,,,
483,ME,DESIGN FOR,3-0-0-
,,MANUFACTURE &,0(9)
,,ASSEMBLY(ME701A),
484,ME,THEORY OF,3-0-0-
,,PLASTICITY(ME721A),0(9)
485,ME,MECHANICS OF,3-0-0-
,,BIOLOGICAL,0(9)
,,MEMBRANES(ME724A),
486,ME,COMPUTER AIDED,3-0-0-
,,ENGINEERING,0(9)
487,ME,VIBRATION,3-0-0-
,,CONTROL(ME756A),0(9)
,,,
488,ME,DYNAMICS OF ROTATING,3-0-0-
,,MACHINERY(ME757A),0(9)
489,ME,INTRODUCTION TO,3-0-0-
,,ROBOTICS(ME762A),0(9)
490,ME,ENGINEERING ACOUSTICS,3-0-0-
,,AND ITS CONTROL(ME778A),0(9)
,,,
491,ME,PHD THESIS(ME799),0-0-0-
,,,0(0)
492,ME,MS - RESEARCH,0-0-0-
,,THESIS(ME899),0(0)
493,ME,MANUFACTURING,1-0-3-
,,PROCESSES II(TA202A),0(6)
494,ME,MANUFACTURING,0-0-3-
,,PROCESSES II LAB(TA202P),0(3)
495,MS,STRUCTURAL & MAGNETIC,3-0-0-
,,PROPERTIES OF,0(9)
,,MATERIALS(MS601A),
496,MS,ELECTRICAL AND,3-0-0-
,,DIELECTRIC,0(9)
,,MATERIALS(MS602A),
,,,
497,MS,MECHANICAL PROPERTIES,3-0-0-
,,OF MATERIALS(MS603A),0(9)
,,,
498,MS,GRADUATE,0-0-0-
S.,,,Units
No.,Branch,Course Name/Group Name,(Credits)
499,MS,M TECH THESIS(MS699),0-0-0-
,,,0(0)
500,MS,PHD THESIS(MS799),0-0-0-
,,,0(0)
501,MSE,NATURE AND PROPERTIES,3-1-3-
,,OF MATERIALS(ESO205A),0(14)
,,,
,,,
,,,
,,,
,,,
502,MSE,THERMODYNAMICS &,3-1-0-
,,PHASE,0(11)
,,EQUILIBRIA(MSE201A),
503,MSE,PROFESSIONAL &,0-0-0-
,,TECHNICAL,2(2)
,,COMMUNICATION(MSE300,
,,A),
504,MSE,PHASE,2-0-0-
,,TRANSFORMATIONS(MSE30,0(6)
,,1A),
505,MSE,MECHANICAL BEHAVIOUR,3-0-0-
,,OF MATERIALS(MSE302A),0(9)
,,,
506,MSE,ELECTRONIC & MAGNETIC,3-0-0-
,,PROPERTIES OF,0(9)
,,MATERIALS(MSE303A),
507,MSE,PHYSICAL METALLURGY,0-0-3-
,,LABORATORY(MSE311A),0(3)
,,,
508,MSE,MECHANICAL BEHAVIOUR,0-0-3-
,,LABORATORY(MSE313A),0(3)
509,MSE,UNDER GRADUATE,0-0-2-
510,MSE,UNDER GRADUATE,3-0-0-
,,PROJECT III(MSE497A),0(9)
511,MSE,STRUCTURE AND,3-0-0-
,,CHARACTERIZATION OF,0(9)
,,MATERIALS(MSE615A),
512,MSE,TRANSPORT,3-0-0-
,,PHENOMENA(MSE626A),0(9)
,,,
513,MSE,ELECTRONIC DEVICES AND,3-0-0-
,,CHARACTERIZATION(MSE6,0(9)
,,28A),
514,MSE,PHYSICAL &,3-0-0-
,,MATHEMATICAL,0(9)
,,MODELLING OF,
,,STEELMAKING,
,,PROCESSES(MSE629A),
515,MSE,MICROSCOPY AND,3-0-0-
,,MICROANALYSIS OF,0(9)
,,MATERIALS(MSE642A),
516,MSE,ADVANCED CONCEPTS IN,3-0-0-
,,IRONMAKING(MSE651A),0(9)
517,MSE,NANOCOMPOSITE THIN,3-0-0-
,,FILMS AND,0(9)
,,APPLICATIONS(MSE652A),
518,MSE,DISLOCATIONS AND,3-0-0-
,,PLASTICITY(MSE658A),0(9)
,,,
,,,
519,MSE,POWDER,3-0-0-
,,METALLURGY(MSE659A),0(9)
,,,
520,MSE,SOLIDIFICATION,3-0-0-
521,MSE,HEAT TREATMENT AND,3-0-0-
,,SURFACE,0(9)
,,HARDENING(MSE671A),
522,MSE,FUNDAMENTAL AND,3-0-0-
,,APPLICATIONS OF,0(9)
,,ELECTROCHEMISTRY(MSE6,
,,73A),
523,MSE,SEMINAR,0-0-0-
,,PARTICIPATION(MSE690A),0(0)
,,,
,,,
524,MSE,SEMINAR,0-0-0-
,,PRESENTATION(MSE691A),0(0)
,,,
,,,
525,MSE,MATERIALS SCIENCE,3-0-0-
,,TECHNOLOGIES FOR,0(9)
,,APPLICATIONS IN LIFE,
,,SCIENCES(MSE693A),
526,MSE,NANOSTRUCTURES AND,3-0-0-
,,NANOMATERIALS:,0(9)
,,CHARACTERIZATION AND,
,,PROPERTIES(MSE694A),
527,MSE,M.TECH THESIS(MSE699),0-0-0-
,,,0(0)
528,MSE,PH D THESIS(MSE799),0-0-0-
,,,0(0)
529,MSE,MANUFACTURING,1-0-3-
,,PROCESSES I(TA201A),0(6)
530,MSE,MANUFACTURING,0-0-3-
,,PROCESSES I LAB(TA201P),0(3)
531,MTH,ENGLISH LANGUAGE AND,2-1-0-
532,MTH,COMPLEX,3-1-0-
,,VARIABLES(MSO202A),0(6)
,,,
,,,
,,,
,,,
533,MTH,PARTIAL DIFFERENTIAL,3-1-0-
,,EQUATIONS(MSO203B),0(6)
,,,
,,,
534,MTH,INTRODUCTION TO,3-1-0-
,,PROBABILITY,0(11)
,,THEORY(MSO205A),
535,MTH,MATHEMATICS -,3-1-0-
,,II(MTH102A),0(11)
,,,
,,,
536,MTH,A FIRST COURSE IN LINEAR,3-1-0-
,,ALGEBRA(MTH201A)/A,0(11)
,,,
537,MTH,A FIRST COURSE IN LINEAR,3-1-0-
,,ALGEBRA(MTH201A)/B,0(11)
,,,
,,,
538,MTH,SET THEORY AND,3-1-0-
,,DISCRETE,0(11)
,,MATHEMATICS(MTH202A),
539,MTH,INTRODUCTION TO,3-1-0-
,,FOURIER SERIES(MTH205A),0(11)
,,,
,,,
540,MTH,MATRIX ALGEBRA AND,3-1-0-
541,MTH,MATRIX ALGEBRA AND,3-1-0-
,,LINEAR ESTIMATION,0(6)
,,(MODULE II)(MTH207A),
542,MTH,DATA SCIENCE LAB,0-0-3-
,,1(MTH208A),2(5)
543,MTH,ANALYSIS- I(MTH301A),3-1-0-
,,,0(11)
,,,
544,MTH,SET THEORY &,3-1-0-
,,LOGIC(MTH302A),0(11)
,,,
545,MTH,SEVERAL VARIABLE,3-1-0-
,,CALCULUS &,0(11)
,,DEFFERENTIAL,
,,GEOMETRY(MTH305A),
546,MTH,UG PROJECT (UGP-,0-0-0-
,,I)(MTH391A),0(4)
547,MTH,UNDER GRADUATE,0-0-9-
,,PROJECT II(MTH392A),0(9)
548,MTH,UG PROJECT (UGP-,3-0-0-
,,III)(MTH393A),0(9)
549,MTH,UNDER GRADUATE,0-0-9-
,,PROJECT IV(MTH394A),0(9)
550,MTH,TECHNICAL,0-0-0-
,,COMMUNICATION,2(2)
,,SKILLS(MTH399A),
551,MTH,THEORY OF,3-0-0-
,,COMPUTATION(MTH401A),0(9)
,,,
552,MTH,COMPLEX,3-1-0-
553,MTH,FUNCTIONAL,3-1-0-
,,ANALYSIS(MTH405A),0(11)
,,,
554,MTH,COMPUTER,2-1-1-
,,PROGRAMMING AND DATA,0(9)
,,STRUCTURES(MTH409A),
555,MTH,APPLIED STOCHASTIC,3-1-0-
,,PROCESS(MTH412A),0(11)
,,,
556,MTH,MATRIX THEORY AND,3-1-0-
,,LINEAR,0(11)
,,ESTIMATION(MTH415A),
557,MTH,ORDINARY DIFFERENTIAL,3-1-0-
,,EQUATIONS(MTH421A),0(11)
,,,
,,,
558,MTH,PARTIAL DIFFERENTIAL,3-1-0-
,,EQUATIONS(MTH424A),0(11)
,,,
559,MTH,MATHEMATICAL,3-1-0-
,,METHODS(MTH428A),0(11)
,,,
560,MTH,NUMERICAL ANALYSIS &,3-0-1-
,,SCIENTIFIC COMPUTING,0(10)
,,II(MTH430A),
561,MTH,INTRODUCTION TO,3-1-0-
,,SAMPLING,0(6)
,,THEORY(MTH432A),
562,MTH,REAL ANALYSIS(MTH433A),3-1-0-
S.,,,Units
No.,Branch,Course Name/Group Name,(Credits)
,,ANALYSIS(MTH403A),0(11)
563,MTH,COMPLEX,3-1-0-
,,ANALYSIS(MTH434A),0(6)
,,,
564,MTH,STATISTICAL SIMULATION,3-1-0-
,,AND DATA,0(11)
,,ANALYSIS(MTH511A),
565,MTH,INFERENCE - II(MTH515A),3-1-0-
,,,0(11)
,,,
,,,
566,MTH,TIME SERIES,3-1-0-
,,ANALYSIS(MTH517A),0(11)
,,,
567,MTH,ELLIPTIC CURVES,3-0-0-
,,MODULAR FORMS AND,0(9)
,,CONGRUENT NUMBER,
,,PROBLEM(MTH525A),
568,MTH,PROJECT-I(MTH598A),0-0-9-
,,,0(9)
569,MTH,PROJECT-II(MTH599A),0-0-0-
,,,0(9)
570,MTH,ALGEBRA II(MTH611A),3-0-0-
,,,0(9)
571,MTH,INTRODUCTION TO,3-0-0-
,,COMMUTATIVE,0(9)
,,ALGEBRA(MTH612A),
572,MTH,REIMANN,3-0-0-
,,SURFACES(MTH615A),0(9)
573,MTH,ALGEBRAIC,3-0-0-
,,TOPOLOGY(MTH649A),0(9)
574,MTH,NONLINEAR DYNAMICAL,3-0-0-
575,MTH,ASYMPTOTIC,3-0-0-
,,STATISTICS(MTH665A),0(9)
,,,
576,MTH,INTRODUCTION TO,3-0-0-
,,ALGEBRAIC GEOMETRY,0(9)
,,AND ALGEBRAIC,
,,GROUPS(MTH667A),
577,MTH,POTENTIAL THEORY IN,3-0-0-
,,THE COMPLEX,0(9)
,,PLANE(MTH670A),
578,MTH,VARIATIONAL METHODS IN,3-0-0-
,,PDE(MTH674A),0(9)
,,,
,,,
579,MTH,SPATIO-TEMPORAL,3-0-0-
,,MODELS IN,0(9)
,,MATHEMATICAL,
,,BIOLOGY(MTH679A),
580,MTH,AN INTRODUCTION TO VON,3-0-0-
,,NEUMANN,0(9)
,,ALGEBRAS(MTH680A),
581,MTH,PROBABILISTIC THEORY OF,3-0-0-
,,PATTERN,0(9)
,,RECOGNITION(MTH690A),
,,,
582,MTH,SPECTRAL METHODS FOR,3-0-0-
,,PARTIAL DIFFERENTIAL,0(9)
,,EQUATIONS(MTH696A),
583,MTH,PROJECT-I(MTH697A),0-0-9-
,,,0(9)
584,MTH,PROJECT II(MTH698A),0-0-0-
,,,0(9)
585,MTH,PROJECT- III(MTH699A),0-0-0-
586,MTH,DIFFERENTIAL,3-0-0-
,,TOPOLOGY(MTH713A),0(9)
,,,
587,MTH,ANALYSIS(MTH753A),3-0-0-
,,,0(9)
,,,
588,MTH,PROBABILITY,3-0-0-
,,THEORY(MTH754A),0(9)
589,MTH,STATISTICAL,3-0-0-
,,INFERENCE(MTH755A),0(9)
,,,
590,MTH,VECTOR BUNDLES AND,3-0-0-
,,CHARACTERISTIC,0(9)
,,CLASSES(MTH761A),
591,MTH,RESEARCH(MTH799),0-0-0-
,,,0(0)
,,,
592,NET,M TECH THESIS(NT699),0-0-0-
,,,0(0)
593,NET,PHD THESIS(NT799),0-0-0-
,,,0(0)
594,PHY,OPTICS(PHY224A),2-0-6-
,,,0(12)
595,PHY,PHYSICS OF INFORMATION,3-0-0-
,,PROCESSING(PHY313A),0(9)
596,PHY,MODERN PHYSICS,1-0-6-
,,LABORATORY(PHY315A),0(9)
597,PHY,INTRODUCTION TO THE,0-0-5-
,,DEPARTMENT(PHY400A),0(5)
598,PHY,CLASSICAL MECHANICS,3-1-0-
599,PHY,SPECIAL & GENERAL,3-0-0-
,,RELATIVITY(PHY407A),0(9)
,,,
600,PHY,MATHEMATICAL METHODS,3-1-0-
,,I(PHY421A),0(11)
,,,
601,PHY,QUANTUM MECHANICS,3-1-0-
,,I(PHY431A),0(11)
,,,
602,PHY,ELECTRONICS(PHY441A),2-1-3-
,,,0(11)
,,,
603,PHY,EXPERIMENTAL PHYSICS,0-0-8-
,,I(PHY461A),0(8)
,,,
604,PHY,EXPERIMENTAL PHYSICS,0-0-8-
,,II(PHY462A),0(8)
,,,
605,PHY,M SC REVIEW PROJECT,0-0-9-
,,II(PHY501A),0(9)
606,PHY,M.SC. REVIEW PROJECT,0-0-8-
,,III(PHY502A),0(8)
607,PHY,CONDENSED MATTER,3-1-0-
,,PHYSICS I(PHY543A),0(11)
,,,
608,PHY,CLASSICAL,3-1-0-
,,ELECTRODYNAMICS,0(11)
,,I(PHY552A),
609,PHY,BACHLOR OF SCIENCE,0-0-0-
S.,,,Units
No.,Branch,Course Name/Group Name,(Credits)
,,I(PHY401A),0(11)
S.,,,Units
No.,Branch,Course Name/Group Name,(Credits)
610,PHY,BACHLOR OF SCIENCE,0-0-0-
,,PROJECT -II(PHY556A),9(9)
,,,
611,PHY,M.SC. PROJECT I(PHY563A),0-0-11-
,,,0(11)
612,PHY,M.SC. PROJECT II(PHY565A),0-0-11-
,,,0(11)
613,PHY,M.SC.RESEARCH PROJECT,0-0-0-
,,I(PHY596A),9(9)
614,PHY,M.SC. RESEARCH PROJECT,0-0-0-
,,I(PHY598A),9(9)
615,PHY,COMPUTATIONAL,3-0-0-
,,SIMULATION METHODS IN,0(9)
,,PHYSICS(PHY627A),
616,PHY,CONDENSED MATTER,3-0-0-
,,PHENOMENA IN LOW,0(9)
,,DIMENSIONAL,
,,MATERIALS(PHY642A),
617,PHY,THEORY OF RANDOM,3-0-0-
,,PROCESSES AND,0(9)
,,APPLICATIONS(PHY662A),
618,PHY,UNCERTAINITY,3-0-0-
,,INFORMATION AND,0(9)
,,CLASSICAL,
,,DYNAMICS(PHY665A),
619,PHY,PHYSICS OF,3-0-0-
,,TURBULENCE(PHY672A),0(9)
620,PHY,QUANTUM FIELD,3-0-0-
,,THEORY(PHY681A),0(9)
621,PHY,COHERENCE & QUANTUM,3-0-0-
,,ENTANGLEMENT(PHY690G),0(9)
622,PHY,ADVANCED GENERAL,3-0-0-
S.,,,Units
No.,Branch,Course Name/Group Name,(Credits)
,,RELATIVITY AND BLACK,0(9)
,,HOLES(PHY690M),
623,PHY,CORRELATED ELECTRONS,3-0-0-
,,AND QUANTUM,0(9)
,,MAGNETISM(PHY690N),
624,PHY,SUPERCONDUCTIVITY AND,3-0-0-
,,APPLICATIONS(PHY690T),0(9)
625,PHY,M.SC.RESEARCH PROJECT,0-0-0-
,,I(PHY696A),9(9)
626,PHY,M.SC.RESEARCH PROJECT,0-0-0-
,,I(PHY698A),9(9)
627,PHY,RESEARCH(PHY799),0-0-0-
,,,0(0)
,,,
628,PSE,INTRODUCTION TO,3-0-0-
,,PHOTONICS(PSE601A),0(9)
,,,
629,PSE,PRINCIPLES OF LASERS,3-0-0-
,,AND DETECTORS(PSE602A),0(9)
,,,
630,PSE,NUMERICAL METHODS IN,3-0-0-
,,OPTICS(PSE603A),0(9)
,,,
631,PSE,M. TECH THESIS(PSE699),0-0-0-
,,,0(0)
,,,
632,PSE,PHD THESIS(PSE799),0-0-0-
,,,0(0)
633,PSE,MS - RESEARCH,0-0-0-
,,THESIS(PSE899),0(0)
634,SEE,THERMO-FLUID,3-0-0-
,,ENGINEERING(SEE601A),0(9)
635,SEE,PHYSICS OF ENERGY,3-0-0-
,,MATERIALS(SEE602A),0(9)
636,SEE,THERMODYNAMICS OF,3-0-0-
,,ENERGY,0(9)
,,SYSTEMS(SEE604A),
,,,
,,,
,,,
637,SEE,AN INTRODUCTION TO,2-0-3-
,,SUSTAINABLE ENERGY,0(9)
,,TECHNOLOGIES(SEE605A),
,,,
638,SEE,ELECTROCHEMICAL,3-0-0-
,,ENERGY,0(9)
,,SYSTEMS(SEE606A),
639,SEE,HYDROGEN ENERGY:,3-0-0-
,,PRODUCTION STORAGE,0(9)
,,AND,
,,UTILIZATION(SEE607A),
640,SEE,INTRODUCTION TO,3-0-0-
,,BIOENERGY AND,0(9)
,,BIOFUELS(SEE608A),
641,SEE,ESSENTIAL ELECTRICAL,3-0-0-
,,ENGINEERING FOR,0(9)
,,RENEWABLES,
,,INTEGRATION(SEE616A),
,,,
,,,
642,SEE,ENERGY EFFICIENT,3-0-0-
,,BUILDING,0(9)
,,DESIGN(SEE618A),
643,SEE,SEMINAR,0-0-0-
No.,Branch,Course Name/Group Name,(Credits)
644,SEE,SEMINAR,0-0-0-
,,PRESENTATION(SEE691A),0(0)
,,,
,,,
,,,
645,SEE,M TECH THESIS(SEE699),0-0-0-
,,,0(0)
646,SEE,PHD THESIS(SEE799),0-0-0-
,,,0(0)
647,SEE,MS - RESEARCH,0-0-0-
,,THESIS(SEE899),0(0)
648,SPEC,MORNING,0-0-3-
,,EXERCISE(PE101A),0(3)
649,SPEC,EVENING,0-0-3-
,,EXERCISE(PE102A),0(3)
650,SSA,INTRODUCTION TO SPACE,3-0-0-
,,& ASTRONOMICAL,0(9)
,,INSTRUMENTATION(SPA601,
,,A),
651,SSA,MATHEMATICAL METHODS,3-0-0-
,,IN SPACE SCIENCES &,0(9)
,,ENGINEERING(SPA602A),
652,SSA,SOLAR SYSTEM PROCESSES,3-0-0-
,,AND SPACE,0(9)
,,MISSIONS(SPA603A),
653,SSA,RADIO ASTRONOMY,3-0-0-
,,I(SPA610A),0(9)
,,,
654,SSA,SOLAR SYSTEM,3-0-0-
