S.,,,Un
No.,Branch,Course Name/Group Name, Credits  
1,AE,INTRODUCTION TO,  
,,AEROSPACE,5
,, AE201A  ,
2,AE,COMPRESSIBLE,  
,, AE311A  ,9
,,,
,,,
3,AE,FLIGHT,  
,, AE321A  ,9
,,,
4,AE,INTRODUCTION TO,  
,,AEROSPACE,9
,, AE331A  ,
5,AE,AEROMODEL DESIGN &,  
,, AE361A  ,3
,,,
6,AE, AE371A  ,  
,,,4
7,AE,TECHNICAL,  
,, AE401A  ,2
,,,
8,AE,ROCKET,  
,, AE441A  ,5
,,,
,,,
9,AE,EXPERIMENTS IN,  
,,AEROSPACE ENGINEERING,5
,, AE451A  ,
10,AE,AIRCRAFT DESIGN-,  
,, AE461A  ,7
,,,
11,AE, AE471A  ,  
,,,9
12,AE,UNDERGRADUATE,  
,, AE472A  ,9
13,AE,BOUNDARY LAYER,  
,, AE481A  ,9
,,,
14,AE,INTRO TO AEROSPACE,  
,, AE601A  ,9
,,,
15,AE,MATHEMATICS FOR,  
,,AEROSPACE,9
,, AE602A  ,
16,AE, AE609A  ,  
,,,9
17,AE, AE610A  ,  
,,,9
18,AE, AE614A  ,  
,,,9
,,,
19,AE,FLIGHT,  
,, AE647A  ,9
,,,
,,,
,,,
20,AE,AUTOMATIC CONTROL OF,  
,,AIRCRAFT ROCKETS AND,9
,, AE649A  ,
21,AE,FUNDAMENTALS OF,  
,, AE663A  ,9
,,,
22,AE,APPLIED COMPRESSIBLE,  
,, AE664A  ,9
,,,
23,AE,AEROSPACE STRUCTURAL,  
24,AE,DYNAMICS AND,  
,, AE688A  ,9
,,,
25,AE, AE699  ,  
,,,0
,,,
,,,
26,AE,CONTINUUM,  
,, AE702A  ,9
,,,
27,AE,COMPUTATIONAL,  
,, AE703A  ,9
,,,
28,AE,HYPERSONIC,  
,, AE720A  ,9
,,,
,,,
,,,
29,AE,MOLECULAR GAS,  
,, AE747A  ,9
,,,
30,AE,OPTIMAL SPACE FLIGHT,  
,, AE777A  ,9
31,AE, AE799  ,  
,,,0
32,AE,MS - RESEARCH,  
,, AE899  ,0
33,AE,FLUID MECHANICS AND,  
S.,,,Units
No.,Branch,Course Name/Group Name, Credits  
,, AE670A  ,9
S.,,,Units
No.,Branch,Course Name/Group Name, Credits  
,,,
,,,
,,,
,,,
,,,
,,,
,,,
,,,
,,,
,,,
,,,
,,,
,,,
,,,
,,,
,,,
,,,
,,,
,,,
,,,
,,,
,,,
34,BSBE,ORGAN SYSTEM,  
,,PHYSIOLOGY AND,9
,, BSE211A  ,
35,BSBE,SCIENTIFIC &,  
,,PROFESSIONAL,2
,, BSE301A,
,,  ,
36,BSBE,MOLECULAR CELL,  
,, BSE311A  ,9
,,,
,,,
37,BSBE,MOLECULAR BIOLOGY,  
,, BSE312A  ,9
,,,
38,BSBE, UGP-,  
39,BSBE, UGP-,  
,, BSE399A  ,9
40,BSBE, BSE411A  ,  
,,,11
,,,
,,,
41,BSBE,BIOMATERIAL,  
,,PHYSIOLOGY & BIO-MEMS,9
,, BSE412A  ,
42,BSBE,METHODS IN,  
,,BIOTECHNOLOGY-I,9
,,EXPERIMENTAL,
,, BSE492A  ,
43,BSBE, UGP-,  
,, BSE498A  ,9
44,BSBE,UNDER GRADUATE,  
,, BSE499A  ,9
45,BSBE,PROFESSIONAL,  
,, BSE601A,0
,,  ,
46,BSBE,MODERN INSTRUMENTAL,  
,,METHODS IN BIOLOGICAL,9
,, BSE611A  ,
47,BSBE, BSE613A  ,  
,,,11
,,,
48,BSBE,BIOCHEMISTRY,  
,,STRUCTURAL,9
,, BSE631A  ,
49,BSBE,MICROBIOLOGY AND,  
S.,,,Units
No.,Branch,Course Name/Group Name, Credits  
50,BSBE,CELLULAR MOLECULER,  
,, BSE651A  ,9
,,,
51,BSBE, BSE655A  ,  
,,,9
,,,
52,BSBE, BSE656A  ,  
,,,9
53,BSBE,STATISTICS FOR MODERN,  
,, BSE658A  ,9
,,,
,,,
54,BSBE,BIOLOGICAL,  
,, BSE661A  ,9
,,,
55,BSBE, BSE699  ,  
,,,0
56,BSBE, BSE701A  ,  
,,,0
57,BSBE, BSE702A  ,  
,,,0
58,BSBE, BSE799  ,  
,,,0
59,BSBE,PRINCIPLES OF,  
,, ESO206A,9
,,  ,
60,CE,SUSTAINABLE BUILT,  
,, CE241A  ,9
,,,
61,CE,ENVIRONMENTAL,  
62,CE, CE331A  ,  
,,,11
,,,
63,CE,GEOINFORMATICS,  
,, CE331P  ,2
64,CE,CIVIL ENGINEERING,  
,,COMMUNICATION,2
,, CE341A  ,
,,,
,,,
,,,
,,,
,,,
,,,
,,,
65,CE, CE351A  ,  
,,,8
66,CE, CE351T  ,  
,,,9
67,CE,ENGINEERING,  
,, CE361A  ,6
,,,
68,CE,DESIGN OF STEEL,  
,, CE371A  ,6
69,CE,CONSTRUCTION,  
,, CE441B  ,5
,,,
70,CE,APPLICATION OF,  
,,GEOTECHNICAL,11
,, CE451A  ,
,,,
71,CE,SPECIAL TOPICS IN,  
S.,,,Units
No.,Branch,Course Name/Group Name, Credits  
,,,
72,CE,TRANSPORTATION,  
,,FACILITIES,11
,, CE481A  ,
73,CE,UNDER GRADUATE,  
,, CE491A  ,9
74,CE,UNDER GRADUATE,  
,, CE492A  ,9
75,CE,UNDER GRADUATE,  
,, CE493A  ,9
76,CE,MATHEMATICS FOR CIVIL,  
,, CE603A  ,5
77,CE,NUMERICAL METHODS FOR,  
,, CE604A  ,5
78,CE,PROBABILITY AND,  
,,STATISTICS FOR CIVIL,5
,, CE605A  ,
79,CE,OPTIMIZATION METHODS,  
,,FOR CIVIL,5
,, CE606A  ,
80,CE,ADVANCED,  
,, CE610A  ,9
81,CE,ADVANCED,  
,, CE611A  ,9
82,CE,STRUCTURAL,  
,, CE620A  ,9
83,CE,ENGINEERING,  
,, CE621A  ,9
,,,
84,CE,NONLINEAR STRUCTURAL,  
,, CE624A  ,9
85,CE,MASONARY,  
,, CE625A  ,9
86,CE,ADVANCED,  
,,GEOTECHNICAL,9
,, CE631A  ,
87,CE,GEOTECHNICAL,  
,,MEASUREMENTS AND,9
,, CE638A  ,
88,CE,ADVANCEMENTS IN,  
,, CE653B  ,5
,,,
89,CE,CONCRETE SCIENCE AND,  
,,ENGINEERING,5
,, CE654A  ,
90,CE,CONSTRUCTION COST,  
,,ESTIMATING CONTROL,6
,, CE662A  ,
91,CE,PHYSICO-CHEMICAL,  
,,PRINCIPLES AND,9
,, CE664A  ,
92,CE,ECOLOGICAL AND,  
,,BIOLOGICAL PRINCIPLES,9
,, CE665A  ,
93,CE,AIR POLLUTION AND ITS,  
,, CE666A  ,9
94,CE,INTRODUCTION TO,  
,, CE671A  ,11
95,CE,PHYSICAL,  
,, CE678A  ,11
96,CE,TRAFFIC,  
97,CE,STATISTICAL AND,  
,,ECONOMETRIC METHODS,11
,,FOR TRANSPORTATION,
,, CE687A  ,
98,CE, CE697A  ,  
,,,0
,,,
99,CE, CE699  ,  
,,,0
,,,
,,,
100,CE,UNSATURATED SOIL,  
,, CE732A  ,9
101,CE,PLASTIC EQUILIBRIUM IN,  
,, CE734A  ,9
,,,
102,CE,MOMENT ANALYSIS FOR,  
,,CONTAMINANT FATE AND,9
,, CE737A  ,
103,CE, CE738A  ,  
,,,9
,,,
104,CE,ADJUSTMENT,  
,,COMPUTATIONS FOR,6
,,GEOINFORMATICS-,
,, CE770A  ,
105,CE,REFERENCE FRAMES,  
,,COORDINATE SYSTEMS,6
,,AND MAP,
,, CE772A  ,
106,CE,GEODETIC ASTRONOMY,  
107,CE,ANALYSIS AND DESIGN OF,  
,,BITUMINOUS,9
,, CE786A  ,
108,CE,COMPUTATIONAL TOOLS,  
,,FOR TRANSPORTATION,11
,, CE787A  ,
,,,
109,CE,LITERATURE SEARCH AND,  
,, CE791A  ,5
,,,
110,CE,SCIENTIFIC WRITING,  
,, CE792A  ,5
,,,
111,CE,SCIENTIFIC PRASENTATION,  
,, CE793A  ,5
,,,
112,CE,SCIENTIFIC DATA,  
,,ANALYSIS PRESENTATION,5
,,AND,
,, CE794A  ,
113,CE, CE797A  ,  
,,,0
,,,
114,CE, CE798A  ,  
,,,0
,,,
115,CE, CE799  ,  
,,,0
,,,
116,CE,MS RESEARCH SEMINAR,  
No.,Branch,Course Name/Group Name, Credits  
S.,,,Units
No.,Branch,Course Name/Group Name, Credits  
,, CE897A  ,0
,,,
117,CE,MS - RESEARCH,  
,, CE899  ,0
,,,
118,CE,MECHANICS OF,  
,, ESO202A  ,11
,,,
,,,
,,,
,,,
,,,
,,,
,,,
,,,
119,CE,COMPUTATIONAL,  
,,METHODS IN,11
,, ESO208A  ,
,,,
,,,
,,,
,,,
,,,
,,,
,,,
,,,
,,,
120,CGS,INTRODUCTION TO,  
,,COGNITIVE,9
,, CGS401A  ,
121,CGS,COMPUTATIONAL TOOLS,  
,,FOR COGNITIVE,11
,, CGS600A  ,
122,CGS,FOUNDATIONS OF,  
,,COGNITIVE,9
S.,,,Units
No.,Branch,Course Name/Group Name, Credits  
123,CGS,BASIC STATISTICS DATA,  
,,ANALYSIS &,11
,, CGS602A  ,
124,CGS,EXPERIMENT DESIGN AND,  
,, CGS610A  ,5
125,CGS,BASICS OF,  
,, CGS611A  ,5
,,,
,,,
126,CGS, CGS652A  ,  
,,,9
127,CGS, CGS702A  ,  
,,,9
,,,
128,CGS, CGS799  ,  
,,,0
129,CGS,MS - RESEARCH,  
,, CGS899  ,0
130,CHE,INTRODUCTION TO CHE,  
,,AND PROCESS,9
,, CHE251A  ,
131,CHE,CHEMICAL ENGINEERING,  
,,COMMUNICATION,2
,, CHE300A  ,
132,CHE,HEAT TRANSFER & ITS,  
,, CHE312A  ,9
,,,
133,CHE,MASS TRANSFER & ITS,  
,, CHE313A  ,9
,,,
134,CHE, UGP-,  
,, CHE349A  ,4
S.,,,Units
No.,Branch,Course Name/Group Name, Credits  
135,CHE,CHEMICAL PROCESS,  
,,SIMULATION,5
,, CHE352A  ,
136,CHE, CHE398A  ,  
,,,9
137,CHE,CHEMICAL ENGINEERING,  
,, CHE453A  ,11
,,,
138,CHE,UNIT OPERATIONS AND,  
,,PROCESS CONTROL,8
,, CHE492A  ,
139,CHE,UNDER GRADUATE,  
,, CHE497A  ,9
140,CHE,UNDER GRADUATE,  
,, CHE498A  ,9
141,CHE,TRANSPORT,  
,, CHE611A  ,9
142,CHE,THE STRUCTURE &,  
,,RHEOLOGY OF COMPLEX,9
,, CHE613A  ,
143,CHE,CHEMICAL REACTION,  
,, CHE631A  ,9
,,,
144,CHE,ANALYSIS AND DESIGN OF,  
,,MULTIPHASE,9
,, CHE632A  ,
145,CHE,PRINCIPLES OF,  
,,HETEROGENEOUS,9
,, CHE633A  ,
146,CHE,MATHEMATICAL METHODS,  
,,IN CHEMICAL,9
S.,,,Units
No.,Branch,Course Name/Group Name, Credits  
147,CHE,MESOSCALE AND,  
,,CONTINUUM SIMULATIONS,9
,,IN CHEMICAL,
,, CHE643A  ,
148,CHE, CHE652A  ,  
,,,9
149,CHE,PROCESS ENGG.,  
,,PRINCIPLES IN MICRO.,9
,, CHE659A  ,
150,CHE,CONVECTIVE HEAT AND,  
,,MASS TRANSFER IN,9
,,CHEMICAL ENGINEERING,
,, CHE663A  ,
151,CHE,INTRODUCTION TO,  
,,PHYSICS OF POLYMERIC,9
,, CHE677A  ,
152,CHE, CHE699  ,  
,,,0
,,,
153,CHE,M. TECH.,  
,, CHE701A  ,0
,,,
,,,
,,,
154,CHE, CHE799  ,  
,,,0
155,CHE, CHE801A  ,  
,,,0
,,,
,,,
,,,
156,CHE,MS - RESEARCH,  
,, CHE899  ,0
157,CHE, ESO201,  
,,A  ,11
,,,
,,,
,,,
,,,
,,,
,,,
,,,
,,,
,,,
,,,
,,,
,,,
,,,
,,,
,,,
,,,
,,,
,,,
,,,
,,,
,,,
158,CHM,BASIC ORGANIC,  
,, CHM201A  ,9
159,CHM,ORGANIC CHEMISTRY,  
,, CHM303A  ,9
,,,
160,CHM,ORGANIC QUALITATIVE &,  
,,QUANTITATIVE,6
,, CHM305A  ,
161,CHM,PHYSICAL CHEMISTRY,  
,, CHM321A  ,9
,,,
162,CHM,INORGANIC CHEMISTRY,  
S.,,,Units
No.,Branch,Course Name/Group Name, Credits  
163,CHM,CHEMISTRY,  
,,COMMUNICATION,6
,, CHM361A  ,
,,,
,,,
,,,
,,,
,,,
164,CHM,UNDER GRADUATE,  
,, CHM391A  ,4
165,CHM,ORGANIC CHEMISTRY,  
,, CHM401A  ,9
,,,
166,CHM,ORGANIC QUALITATIVE &,  
,,QUANTITATIVE,6
,, CHM404A  ,
167,CHM,PHYSICAL CHEMISTRY,  
,, CHM421A  ,9
,,,
168,CHM,PHYSICAL CHEMISTRY,  
,, CHM423A  ,6
,,,
,,,
169,CHM,INORGANIC CHEMISTRY,  
,, CHM441A  ,9
170,CHM,UNDER GRADUATE,  
,, CHM491A  ,9
171,CHM,ORGANIC PREPARATION,  
,, CHM503A  ,6
,,,
172,CHM,MATHEMATICS FOR,  
,, CHM521A  ,6
173,CHM,MATHEMATICS FOR,  
S.,,,Units
No.,Branch,Course Name/Group Name, Credits  
,, CHM600A  ,9
174,CHM,PRINCIPLES OF ORGANIC,  
,, CHM609A  ,9
,,,
175,CHM,PHYSICAL ORGANIC,  
,, CHM611A  ,9
,,,
176,CHM,FRONTIERS IN ORGANIC,  
,, CHM612A  ,9
177,CHM,CHEMICAL,  
,, CHM621A  ,9
,,,
178,CHM,PRINCIPLES OF PHYSICAL,  
,, CHM629A  ,9
,,,
179,CHM,APPLICATIONS OF MODERN,  
,,INSTRUMENTAL,9
,, CHM631A  ,
,,,
180,CHM,PHYSICAL,  
,, CHM636,9
,,A  ,
181,CHM,BIO-INORGANIC,  
,, CHM646A  ,9
182,CHM,MACROCYCLES RINGS AND,  
,, CHM647A  ,9
,,,
183,CHM,THE CHEMISTRY OF,  
,,METAL-CARBON BOND:,9
,,STRUCTURE REACTIVITY &,
,, CHM648A  ,
184,CHM,PRINCIPLES OF INORGANIC,  
,, CHM649A  ,9
S.,,,Units
No.,Branch,Course Name/Group Name, Credits  
,,,
185,CHM,ORGANIC STRUCTURE,  
,,DETERMINATION BY,9
,,SPECTROSCOPIC,
,, CHM656A  ,
186,CHM,CHEMISTRY OF NATURAL,  
,, CHM662A  ,9
,,,
187,CHM,MODERN PHYSICAL,  
,,METHODS IN,9
,, CHM664A  ,
188,CHM,FRONTIERS IN INORGANIC,  
,, CHM691A  ,9
,,,
,,,
189,CHM,SPECIAL TOPICS IN,  
,,PHYSICAL,9
,, CHM692A  ,
190,CHM,MOLECULAR MODELLING,  
,, CHM695A  ,9
191,CHM,QUANTUM,  
,, CHM696A  ,9
,,,
192,CHM,LASERS IN CHEMISTRY,  
,, CHM697A  ,9
193,CHM, CHM799  ,  
,,,0
194,CHM,GENERAL,  
,, CHM800A  ,0
195,CHM,GRADUATE,  
,, CHM801A  ,0
196,COM,COMMUNICATION SKILLS:,  
S.,,,Units
No.,Branch,Course Name/Group Name, Credits  
,, COM200  ,5
197,CSE,MATHEMATICS FOR,  
,,COMPUTER SCIENCE -,9
,, CS201A  ,
,,,
198,CSE,TECHNICAL,  
,, CS300A  ,2
199,CSE,OPERATING,  
,, CS330A  ,12
,,,
,,,
200,CSE,THEORY OF,  
,, CS340A  ,9
,,,
201,CSE, CS345A  ,  
,,,9
202,CSE,PRINCIPLES OF,  
,,PROGRAMMING,9
,, CS350A  ,
203,CSE, UGP-,  
,, CS395A  ,4
204,CSE, UGP-,  
,, CS396A  ,9
205,CSE,COMPUTER,  
,, CS422A  ,9
,,,
206,CSE,UNDER GRADUATE,  
,, CS498A  ,9
207,CSE,UNDER GRADUATE,  
,, CS499A  ,9
208,CSE,PROGRAMMING FOR,  
,, CS610A  ,9
S.,,,Units
No.,Branch,Course Name/Group Name, Credits  
,,,
209,CSE,COMPUTER SYSTEMS,  
,, CS628A  ,9
,,,
,,,
210,CSE,EMBEDDED AND CYBER-,  
,,PHYSICAL,9
,, CS637A  ,
211,CSE,PROGRAM ANALYSIS,  
,,VERIFICATION AND,9
,, CS639A  ,
212,CSE,CIRCUIT COMPLEXITY,  
,, CS642A  ,9
,,,
213,CSE,ADVANCED TOPICS IN,  
,,ALGORITHMS & DATA,9
,, CS647A  ,
,,,
214,CSE,ALGORITHMIC GAME,  
,, CS656A  ,9
,,,
215,CSE,HARDWARE SECURITY OF,  
,,INTERNET OF,9
,, CS666A  ,
216,CSE,INTRODUCTION TO,  
,,INTERNET OF THINGS & ITS,9
,,INDUSTRIAL,
,, CS667A  ,
217,CSE,PRACTICAL CYBER,  
,,SECURITY FOR CYBER,9
,, CS668A  ,
218,CSE,QUANTUM,  
,, CS682A  ,9
219,CSE,COMPUTATIONAL,  
,,LINGUISTICS FOR INDIAN,9
,, CS689A  ,
220,CSE,COMPUTATIONAL,  
,, CS690A  ,9
,,,
221,CSE,SPECIAL TOPICS IN,  
,,COMPUTER,9
,, CS697A  ,
222,CSE,SENSING,  
,,COMMUNICATIONS AND,9
,,NETWORKING FOR SMART,
,,WIRELESS,
,, CS698F  ,
223,CSE,PRACTICAL CYBER,  
,,SECURITY FOR CYBER,9
,, CS698S  ,
224,CSE, CS699  ,  
,,,0
225,CSE,SENSING,  
,,COMMUNICATIONS AND,9
,,NETWORKING FOR SMART,
,,WIRELESS,
,, CS724A  ,
226,CSE,ADVANCED COMPILER,  
,, CS738A  ,9
,,,
,,,
227,CSE,INTRODUCTION TO,  
,,MACHINE,9
,, CS771A  ,
228,CSE,PROBABILISTIC MACHINE,  
229,CSE,SPECIAL TOPICS IN,  
,,COMPUTER,9
,, CS797A  ,
230,CSE,COMPUTATIONAL,  
,,LINGUISTICS FOR INDIAN,9
,, CS798B  ,
231,CSE,POST QUANTUM,  
,, CS798C  ,9
,,,
,,,
232,CSE,ALGORITHMS FOR,  
,,BAYESIAN NETWORKS AND,9
,, CS798D  ,
233,CSE, CS799  ,  
,,,0
234,CSE,MS - RESEARCH,  
,, CS899  ,0
235,CSE,DATA STRUCTURE &,  
,, ESO207A  ,12
236,ECO,INTRODUCTION TO,  
,, ECO101A  ,11
,,,
,,,
237,ECO,MICROECONOMICS,  
,, ECO201A  ,9
238,ECO,MACROECONOMICS,  
,, ECO221A  ,9
239,ECO,MICROECONOMICS,  
S.,,,Units
No.,Branch,Course Name/Group Name, Credits  
,, CS772A  ,9
S.,,,Units
No.,Branch,Course Name/Group Name, Credits  
240,ECO,MACROECONOMICS-,  
,, ECO321A  ,9
,,,
241,ECO, ECO341A  ,  
,,,12
,,,
242,ECO,TECHNICAL,  
,, ECO397A,2
,,  ,
243,ECO, UGP-,  
,, ECO398A  ,4
244,ECO,INDUSTRIAL,  
,, ECO411A  ,9
,,,
245,ECO,INTERNATIONAL,  
,,ECONOMICS AND,9
,, ECO412A  ,
246,ECO,MACROECONOMICS AND,  
,, ECO421A  ,9
247,ECO,FINANCIAL,  
,, ECO423A  ,9
248,ECO,UNDER GRADUATE,  
,, ECO498A  ,9
249,ECO,ECONOMIC ANALYSIS OF,  
,, ECO504A  ,9
250,ECO,BEHAVIOURAL AND,  
,,EXPERIMENTAL,9
,, ECO506A  ,
251,ECO, ECO511A  ,  
,,,9
252,ECO,ECONOMIC GROWTH,  
,,THEORY AND,9
253,ECO, ECO699  ,  
,,,9
254,ECO, ECO701,  
,,A  ,9
255,ECO, ECO704A  ,  
,,,9
256,ECO,TOPICS IN MATHEMATICAL,  
,,ECONOMICS: ASSET,9
,,PRICING THEORY,
,, ECO719A  ,
257,ECO,ADVANCED MONETARY,  
,, ECO745A  ,9
258,ECO,QUANTITATIVE ANALYSIS,  
,,OF INTERNATIONAL,9
,, ECO752A  ,
259,ECO, ECO754A  ,  
,,,9
260,ECO,TOPICS IN ECONOMIC,  
,, ECO758A  ,9
,,,
261,ECO,MATHEMATICAL,  
,,ANALYSIS FOR,9
,, ECO760A  ,
262,ECO, ECO799  ,  
,,,0
263,EE,SIGNALS SYSTEMS &,  
S.,,,Units
No.,Branch,Course Name/Group Name, Credits  
,,,
,,,
,,,
,,,
,,,
264,EE,PRINCIPLES OF,  
,, EE320A  ,11
,,,
,,,
,,,
,,,
,,,
265,EE, EE330A  ,  
,,,11
,,,
,,,
,,,
,,,
,,,
266,EE,DIGITAL,  
,, EE370A  ,11
,,,
,,,
,,,
,,,
,,,
267,EE,ELECTRICAL ENGINEERING,  
,, EE380A  ,12
,,,
,,,
,,,
,,,
,,,
,,,
,,,
268,EE,ELECTRICAL ENGINEERING,  
,, EE381A  ,12
269,EE,ELECTRICAL ENGINEERING,  
,,COMMUNICATION,2
,, EE390A  ,
270,EE,ELECTRICAL ENGINEERING,  
,,UNDER GRADUATE,4
,, EE391A  ,
271,EE,ELECTRICAL ENGINEERING,  
,, EE480A  ,10
,,,
,,,
,,,
,,,
272,EE,ELECTRICAL ENGINEERING,  
,, EE481A  ,6
273,EE,UNDER GRADUATE,  
,, EE491A  ,9
274,EE,STATISTICAL SIGNAL,  
,, EE602A  ,9
275,EE,MACHINE LEARNING FOR,  
,,SIGNAL,9
,, EE603A  ,
276,EE,IMAGE,  
,, EE604A  ,9
277,EE,INTRODUCTION TO SIGNAL,  
,, EE605A  ,9
,,,
278,EE,ANALOG/DIGITAL VLSI,  
,, EE610A  ,9
279,EE,SOLID STATE DEVICES,  
,, EE614A  ,9
280,EE,SEMICONDUCTOR DEVICE,  
281,EE,INDUSTRIAL AUTOMATION,  
,, EE617A  ,9
282,EE,INTEGRATED CIRCUIT,  
,,FABRICATION,9
,, EE618A  ,
283,EE,VLSI SYSTEM,  
,, EE619A  ,9
284,EE,REPRESENTATION AND,  
,,ANALYSIS OF RANDOM,9
,, EE621A  ,
285,EE,DIGITAL,  
,, EE629A  ,9
286,EE,SIMULATON OF MODERN,  
,, EE630A  ,12
,,,
287,EE,ECONOMIC OPERATION &,  
,,CONTROL OF POWER,9
,, EE632A  ,
288,EE,ELECTRICAL INSULATION,  
,,IN POWER APPARATUS,9
,, EE634A  ,
289,EE,ADVANCED ENGINEERING,  
,, EE64,9
,,1A  ,
290,EE,ANTENNAS ANALYSIS &,  
,, EE642A  ,9
,,,
,,,
,,,
291,EE,MONOLITHIC MICROWAVE,  
,, EE645A  ,9
,,,
292,EE,MICROWAVE,  
293,EE,BASICS OF MODERN,  
,,CONTROL,9
,, EE650A  ,
294,EE, EE653A  ,  
,,,9
,,,
,,,
295,EE,COMPUTATIONAL ASPECTS,  
,,OF TOMOGRAPHIC,9
,,IMAGING : MODELS TO,
,, EE659A  ,
296,EE,BASICS OF POWER,  
,,ELECTRONIC,12
,, EE660A  ,
297,EE,FUNDAMENTALS OF,  
,, EE664A  ,9
,,,
,,,
298,EE,INFORMATION,  
,, EE667A  ,9
,,,
,,,
299,EE,WIRELESS,  
,, EE670A,9
,,  ,
300,EE,DIGITAL COMMUNICATION,  
,, EE673A  ,9
301,EE,SIMULATION BASED,  
S.,,,Units
No.,Branch,Course Name/Group Name, Credits  
,,MEASUREMENTS AND,9
,, EE647A  ,
S.,,,Units
No.,Branch,Course Name/Group Name, Credits  
302,EE,SMART GRID,  
,, EE679A  ,9
,,,
,,,
303,EE,QUANTUM AND WAVE,  
,, EE683A  ,9
304,EE,FIBER-OPTIC,  
,, EE684A,9
,,  ,
305,EE,SEMICONDUCTOR OPTICAL,  
,,COMMUNICATION,9
,, EE685A  ,
306,EE,SPECIAL TOPICS IN,  
,, EE698,9
,,D  ,
307,EE,RF,  
,, EE698,9
,,F  ,
308,EE,ANALOG CIRCUITS FOR,  
,,SIGNAL,9
,, EE698W  ,
309,EE, EE699  ,  
,,,0
,,,
310,EE,MACHINE LEARNING,  
,, EE798C  ,9
311,EE,INTRODUCTION TO,  
,,TRANSPORTATION,9
,, EE798D  ,
312,EE,SMART GRID MONITORING,  
,,AND,9
,, EE798E  ,
313,EE,ADVANCED MODULATION,  
S.,,,Units
No.,Branch,Course Name/Group Name, Credits  
,,,
,,,
,,,
,,,
,,,
,,,
,,,
,,,
,,,
,,,
,,,
,,,
317,EE,INTRODUCTION TO,  
,,ELECTRICAL,13
,, ESO203A  ,
,,,
318,ES,CRYSTALLOGRAPHY AND,  
,, ES311A  ,11
,,,
,,,
319,ES,CRYSTALLOGRAPHY AND,  
,, ES311P  ,2
,,,
320,ES,COMMUNICATION SKILLS,  
,,IN EARTH,2
,, ES400A  ,
321,ES,STRUCTURAL,  
,, ES411A  ,9
,,,
322,ES,SEDIMENTARY PROCESSES,  
,,& STRATIGRAPHIC,8
,, ES412A  ,
323,ES,GEOLOGICAL EVOLUTION,  
,, ES417A  ,6
324,ES,ECONOMIC,  
,, ES450A  ,9
,,,
325,ES,ENVIRONMENTAL,  
,, ES451A  ,9
,,,
326,ES,ENGINEERING,  
,, ES452A  ,9
,,,
327,ES,ANALYTICAL METHODS IN,  
,, ES455A  ,9
,,,
328,ES, ES599  ,  
,,,36
329,ES,REMOTE SENSING AND GIS,  
,,FOR GEO-RESOURCE,9
,, ES644A  ,
330,ES,ISOTOPE GEOCHEMISTRY,  
,,AND,9
,, ES649A  ,
331,ES,COMMUNICATION SKILLS,  
,,IN EARTH,0
,, ES650A  ,
332,ES,MATHEMATICS FOR EARTH,  
,, ES651A  ,9
333,ES,ADVANCED STRUCTURAL,  
,, ES654A  ,9
334,ES,SOLID EARTH,  
,, ES655A  ,11
,,,
,,,
335,ES,ADVANCED METAMORPHIC,  
336,ES,PHYSICS OF,  
,, ES665A  ,9
,,,
337,ES, ES699  ,  
,,,0
,,,
,,,
338,ES, ES799  ,  
,,,0
339,ES,FUNDAMENTALS OF EARTH,  
,, ESO213A  ,9
340,HSS,ELEMENTS OF VISUAL,  
,, ART106A,11
,,  ,
341,HSS,THE ART OF AMERICAN,  
,, ART404A  ,9
342,HSS,20TH-21ST CENTURY,  
,,VISUAL CULTURE IN,9
,, ART407A  ,
343,HSS,ART A MEDIUM OF,  
,, ART704A,9
,,  ,
344,HSS,RESEARCH METHODS IN,  
,,VISUAL,9
,, ART708A  ,
345,HSS,CREATIVE PAINTING-,  
,,METHODOLOGY &,9
,, ART711A  ,
346,HSS,INTRODUCTION TO,  
,, ENG123A  ,11
,,,
,,,
347,HSS,LANGUAGE AND,  
348,HSS,INTRODUCTION TO FILM,  
,, ENG125A  ,11
,,,
,,,
349,HSS,SECOND LANGUAGE,  
,, ENG408A  ,9
350,HSS,LITERATURE AND,  
,, ENG432A  ,9
,,,
351,HSS, ENG433A  ,  
,,,9
352,HSS,INDIAN,  
,, ENG437A  ,9
353,HSS,LANGUAGES OF SOUTH,  
,, ENG448A  ,9
354,HSS,INTRODUCTION TO INDIAN,  
,,ENGLISH,5
,, ENG454A  ,
355,HSS,CLIMATE FICTION AND,  
,, ENG456A  ,9
356,HSS,SYNTAX AND STRUCTURES,  
,, ENG467A  ,9
,,,
357,HSS,LANGUAGE CURRICULUM,  
,, ENG707A  ,9
358,HSS,LINGUISTIC,  
,, ENG709A  ,9
,,,
359,HSS,INDIVIDUAL,  
S.,,,Units
No.,Branch,Course Name/Group Name, Credits  
,, ENG124A  ,11
360,HSS,FEMINIST THEORY AND,  
,, ENG743A  ,9
,,,
361,HSS,DOCUMENTARY FILM-,  
,,HISTORY &,9
,, ENG744A  ,
362,HSS,POSTWAR AMERICAN,  
,, ENG750A  ,9
,,,
363,HSS,RESEARCH METHODS IN,  
,,ENGLISH AS A SECOND,9
,,LANGUAGE,
,, ENG755A  ,
364,HSS,LANGUAGE,  
,,DOCUMENTATION AND,9
,, ENG763A  ,
365,HSS,PERSPECTIVES OF THE,  
,,POSTHUMAN AND / IN THE,9
,, ENG777A  ,
366,HSS, ENG799  ,  
,,,0
367,HSS, FA799  ,  
,,,0
368,HSS,INTRODUCTION TO,  
,, PHI141A  ,11
,,,
369,HSS,PHILOSOPHY OF,  
,, PHI161A  ,11
,,,
370,HSS, PHI447A  ,  
371,HSS,PHILOSOPHY OF,  
,,COGNITIVE,9
,, PHI452A  ,
372,HSS,PHILOSOPHICAL,  
,, PHI455A  ,9
,,,
373,HSS,PROBLEMS IN,  
,,PHILOSOPHICAL,9
,, PHI752A  ,
374,HSS,MORAL,  
,, PHI757A  ,9
375,HSS, PHI768A  ,  
,,,9
,,,
,,,
376,HSS,SOCIAL AND POLITICAL,  
,, PHI774A  ,9
,,,
377,HSS,EVOLUTIONARY THEORIES,  
,,OF KNOWLEDGE AND,9
,, PHI786A  ,
378,HSS, PHI799  ,  
,,,0
379,HSS,APPLICATION OF,  
,,PSYCHOLOGY TO,11
,, PSY152A  ,
,,,
380,HSS,INTRODUCTION TO,  
,,ABNORMAL,5
,, PSY452A  ,
381,HSS,SOCIAL,  
,, PSY468A  ,9
382,HSS,QUALITATIVE RESEARCH :,  
383,HSS,SEMINAR COURSE IN,  
,, PSY776A  ,9
,,,
384,HSS,ADVANCED COURSE IN,  
,,SOCIAL,9
,, PSY798A  ,
385,HSS, PSY799  ,  
,,,0
386,HSS,INTRODUCTORY,  
,, SOC171A  ,11
,,,
,,,
387,HSS,INTRODUCTORY,  
,, SOC171B  ,11
,,,
388,HSS,INTRODUCTION TO INDIAN,  
,, SOC173A  ,11
,,,
,,,
389,HSS,SOCIOLOGY OF,  
,, SOC470A  ,9
390,HSS,INDIAN SOCIETY AND,  
,, SOC473A  ,9
391,HSS,URBAN HABITAT AND,  
,,SOCIAL,9
,, SOC477A  ,
392,HSS,SOCIETY AND SOCIAL,  
,,PROBLEMS OF,9
,, SOC481A  ,
,,,
393,HSS,HUMAN RIGHTS THEORY,  
S.,,,Units
No.,Branch,Course Name/Group Name, Credits  
,, SOC486A  ,9
,,,
394,HSS,RESEARCH,  
,, SOC720A  ,9
,,,
395,HSS,SOCIOLOGICAL,  
,, SOC721A  ,9
396,HSS,SOCIOLOGY OF,  
,, SOC742A  ,9
,,,
,,,
397,HSS,SOCIOLOGY OF,  
,, SOC755A  ,9
,,,
,,,
398,HSS, SOC799  ,  
,,,0
399,IME,PROBABILITY AND,  
,, IME602A  ,9
400,IME,INTRODUCTION TO,  
,, IME603A  ,9
401,IME,OPERATIONS RESEARCH,  
,,FOR,9
,, IME605A  ,
402,IME,FINANCIAL,  
,, IME611A  ,9
,,,
403,IME,INTRODUCTION TO GAME,  
,, IME636A  ,9
404,IME,DATA MINING AND,  
,,KNOWLEDGE,9
S.,,,Units
No.,Branch,Course Name/Group Name, Credits  
405,IME,ADVANCED STATISTICAL,  
,,METHODS FOR BUSINESS,9
,, IME692A  ,
406,IME, IME698A  ,  
,,,0
407,IME, IME699  ,  
,,,0
408,IME,STATISTICAL METHODS,  
,,FOR MANAGEMENT,9
,, IME701A  ,
409,IME, IME799  ,  
,,,0
410,IME,ACCOUNTING &,  
,, MBA601A  ,10
411,IME,ECONOMIC ANALYSIS FOR,  
,, MBA606A  ,10
,,,
412,IME,INVESTMENT VALUATION,  
,,AND REAL,10
,, MBA610A  ,
413,IME,ORGANIZATION,  
,,STRUCTURE AND,10
,, MBA611A  ,
414,IME,STRATEGIC,  
,, MBA623A  ,10
415,IME,MANAGEMENT OF,  
,, MBA626A  ,10
416,IME,MARKETING,  
,, MBA631A  ,10
417,IME,SIMULATION OF BUSINESS,  
,, MBA643A  ,10
418,IME,ENTERPRISE INTEGRATION,  
,, MBA646A  ,9
419,IME,BUSINESS PROCESS,  
,, MBA647A  ,10
,,,
420,IME,QUANTITATIVE METHODS,  
,,FOR DECISION,10
,, MBA651A  ,
421,IME,TOTAL QUALITY,  
,, MBA663A  ,10
422,IME,SUPPLY CHAIN,  
,, MBA664A  ,10
423,IME,PROJECT,  
,, MBA666A  ,10
424,IME,INTRODUCTION TO POLICY,  
,, MBA669A  ,10
,,,
425,IME,MANAGING SERVICE,  
,, MBA671A  ,10
426,IME,MANAGEMENT,  
,, MBA698A  ,0
427,IME,CAPSTONE PROJECT,  
,, MBA701A  ,9
428,IME,ORGANIZATIONAL,  
,, MBA712A  ,5
429,IME,PERFORMANCE,  
,, MBA713A  ,5
430,IME,GOVERNANCE OF GLOBAL,  
,, MBA717A  ,5
,,,
431,IME,RETAIL,  
S.,,,Units
No.,Branch,Course Name/Group Name, Credits  
,, MBA720A  ,10
432,IME,BUSINESS TO BUSINESS,  
,, MBA731A  ,5
,,,
433,IME,STRATEGIC MARKETING,  
,, MBA73,5
,,6A  ,
434,IME,CAUSAL INFERENCE,  
,,METHODS FOR BUSINESS,5
,, MBA753A  ,
435,IME,DERIVATIVE,  
,, MBA772A  ,5
,,,
436,IME,FINANCIAL,  
,,INTERMEDIATION &,5
,,COMMERCIAL,
,, MBA773A  ,
437,IME,CREDIT RISK,  
,,MANAGEMENT &,5
,, MBA774A  ,
438,IME,RENEWABLE ENERGY -,  
,,ECONOMICS POLICY AND,5
,, MBA782A  ,
439,IME,PRODUCT DESIGN AND,  
,,NEW PRODUCT,8
,, VLM601  ,
,,,
440,IME,SUPPLY CHAIN,  
,, VLM602  ,4
441,IME,ADVANCE,  
,, VLM603  ,3
442,IME,AUTOMATION & ROBOTICS,  
,,IN,3
,, VLM604  ,
443,IME,COMPUTER INTEGRATED,  
,,MANUFACTURING,3
,, VLM605  ,
444,IME,DATA ANALYSIS AND,  
,,DECISION,3
,, VLM606  ,
445,MDES, DES601A  ,  
,,,9
,,,
446,MDES,DESIGN PRACTICE,  
,, DES602A  ,9
,,,
447,MDES,INTEGRATED PRODUCT,  
,, DES633A  ,9
448,MDES,METHODS FOR DESIGN,  
,, DES635A  ,9
,,,
449,MDES,DESIGN PROJECT,  
,, DES681A  ,9
,,,
450,MDES, DES699  ,  
,,,0
,,,
,,,
451,MDES, DES799  ,  
,,,0
452,ME, ESO209A  ,  
453,ME,FLUID MECHANICS,  
,, ME231P  ,1
454,ME,ENGINEERING DESIGN AND,  
,, ME251A  ,5
,,,
455,ME,ENERGY SYSTEMS,  
,, ME301A  ,6
,,,
456,ME,ADVANCE MECHANICS OF,  
,, ME321A  ,7
457,ME,INTRODUCTION TO,  
,,REFRIGERATION AND AIR,9
,, ME340A  ,
458,ME,THEORY OF MECHANISMS,  
,, ME352A  ,7
459,ME,INTERNAL COMBUSTION,  
,, ME359A  ,9
460,ME,MANUFACTURING SCIENCE,  
,, ME361A  ,10
,,,
461,ME,MANUFACTURING SCIENCE,  
,,& TECHNOLOGY,1
,, ME361P  ,
462,ME,MECHANICAL,  
,,ENGINEERING,2
,,COMMUNICATION,
,, ME399A  ,
463,ME,ENERGY SYSTEMS-,  
S.,,,Units
No.,Branch,Course Name/Group Name, Credits  
,, ME401A  ,10
,,,
,,,
464,ME,NUMERICAL SOLUTIONS IN,  
,,ENGINEERING,9
,, ME454A  ,
465,ME, ME498A  ,  
,,,9
,,,
466,ME,INTRODUCTION TO SOLID,  
,, ME621A  ,9
467,ME,FINITE ELEMENT METHODS,  
,,IN ENGINEERING,9
,, ME623A  ,
468,ME,APPLIED DYNAMICS AND,  
,, ME625A  ,9
469,ME,COMPUTATIONAL FLUID,  
,,DYNAMICS AND HEAT,9
,, ME630A  ,
470,ME,VISCOUS FLOW,  
,, ME631A  ,9
471,ME,CONDUCTION AND,  
,, ME641A  ,9
472,ME,EXPERIMENTAL METHODS,  
,,IN THERMAL,9
,, ME649A  ,
473,ME,MACHINING SCIENCE,  
,, ME662A  ,9
,,,
474,ME,DAMAGE MECHANICS OF,  
,,COMPOSITE,9
S.,,,Units
No.,Branch,Course Name/Group Name, Credits  
475,ME,MATHEMATICS FOR,  
,, ME681A  ,9
,,,
476,ME,APPLIED NUMERICAL,  
,, ME685A  ,9
477,ME,MICROSCALE THERMAL,  
,, ME689A  ,9
478,ME,WORLD HISTORY OF,  
,, ME698D  ,9
,,,
,,,
479,ME,COMPRESSIBLE,  
,, ME698J  ,9
480,ME,BUBBLES AND,  
,, ME698K  ,9
,,,
481,ME,MODELING OF,  
,,MULTIPHYSICS,9
,, ME698N  ,
482,ME, ME699  ,  
,,,0
,,,
,,,
483,ME,DESIGN FOR,  
,,MANUFACTURE &,9
,, ME701A  ,
484,ME,THEORY OF,  
,, ME721A  ,9
485,ME,MECHANICS OF,  
,,BIOLOGICAL,9
,, ME724A  ,
486,ME,COMPUTER AIDED,  
,,ENGINEERING,9
487,ME,VIBRATION,  
,, ME756A  ,9
,,,
488,ME,DYNAMICS OF ROTATING,  
,, ME757A  ,9
489,ME,INTRODUCTION TO,  
,, ME762A  ,9
490,ME,ENGINEERING ACOUSTICS,  
,, ME778A  ,9
,,,
491,ME, ME799  ,  
,,,0
492,ME,MS - RESEARCH,  
,, ME899  ,0
493,ME,MANUFACTURING,  
,, TA202A  ,6
494,ME,MANUFACTURING,  
,, TA202P  ,3
495,MS,STRUCTURAL & MAGNETIC,  
,,PROPERTIES OF,9
,, MS601A  ,
496,MS,ELECTRICAL AND,  
,,DIELECTRIC,9
,, MS602A  ,
,,,
497,MS,MECHANICAL PROPERTIES,  
,, MS603A  ,9
,,,
498,MS,GRADUATE,  
S.,,,Units
No.,Branch,Course Name/Group Name, Credits  
499,MS, MS699  ,  
,,,0
500,MS, MS799  ,  
,,,0
501,MSE,NATURE AND PROPERTIES,  
,, ESO205A  ,14
,,,
,,,
,,,
,,,
,,,
502,MSE,THERMODYNAMICS &,  
,,PHASE,11
,, MSE201A  ,
503,MSE,PROFESSIONAL &,  
,,TECHNICAL,2
,, MSE300,
,,A  ,
504,MSE,PHASE,  
,, MSE30,6
,,1A  ,
505,MSE,MECHANICAL BEHAVIOUR,  
,, MSE302A  ,9
,,,
506,MSE,ELECTRONIC & MAGNETIC,  
,,PROPERTIES OF,9
,, MSE303A  ,
507,MSE,PHYSICAL METALLURGY,  
,, MSE311A  ,3
,,,
508,MSE,MECHANICAL BEHAVIOUR,  
,, MSE313A  ,3
509,MSE,UNDER GRADUATE,  
510,MSE,UNDER GRADUATE,  
,, MSE497A  ,9
511,MSE,STRUCTURE AND,  
,,CHARACTERIZATION OF,9
,, MSE615A  ,
512,MSE,TRANSPORT,  
,, MSE626A  ,9
,,,
513,MSE,ELECTRONIC DEVICES AND,  
,, MSE6,9
,,28A  ,
514,MSE,PHYSICAL &,  
,,MATHEMATICAL,9
,,MODELLING OF,
,,STEELMAKING,
,, MSE629A  ,
515,MSE,MICROSCOPY AND,  
,,MICROANALYSIS OF,9
,, MSE642A  ,
516,MSE,ADVANCED CONCEPTS IN,  
,, MSE651A  ,9
517,MSE,NANOCOMPOSITE THIN,  
,,FILMS AND,9
,, MSE652A  ,
518,MSE,DISLOCATIONS AND,  
,, MSE658A  ,9
,,,
,,,
519,MSE,POWDER,  
,, MSE659A  ,9
,,,
520,MSE,SOLIDIFICATION,  
521,MSE,HEAT TREATMENT AND,  
,,SURFACE,9
,, MSE671A  ,
522,MSE,FUNDAMENTAL AND,  
,,APPLICATIONS OF,9
,, MSE6,
,,73A  ,
523,MSE,SEMINAR,  
,, MSE690A  ,0
,,,
,,,
524,MSE,SEMINAR,  
,, MSE691A  ,0
,,,
,,,
525,MSE,MATERIALS SCIENCE,  
,,TECHNOLOGIES FOR,9
,,APPLICATIONS IN LIFE,
,, MSE693A  ,
526,MSE,NANOSTRUCTURES AND,  
,,NANOMATERIALS:,9
,,CHARACTERIZATION AND,
,, MSE694A  ,
527,MSE, MSE699  ,  
,,,0
528,MSE, MSE799  ,  
,,,0
529,MSE,MANUFACTURING,  
,, TA201A  ,6
530,MSE,MANUFACTURING,  
,, TA201P  ,3
531,MTH,ENGLISH LANGUAGE AND,  
532,MTH,COMPLEX,  
,, MSO202A  ,6
,,,
,,,
,,,
,,,
533,MTH,PARTIAL DIFFERENTIAL,  
,, MSO203B  ,6
,,,
,,,
534,MTH,INTRODUCTION TO,  
,,PROBABILITY,11
,, MSO205A  ,
535,MTH,MATHEMATICS -,  
,, MTH102A  ,11
,,,
,,,
536,MTH,A FIRST COURSE IN LINEAR,  
,, MTH201A  ,11
,,,
537,MTH,A FIRST COURSE IN LINEAR,  
,, MTH201A  ,11
,,,
,,,
538,MTH,SET THEORY AND,  
,,DISCRETE,11
,, MTH202A  ,
539,MTH,INTRODUCTION TO,  
,, MTH205A  ,11
,,,
,,,
540,MTH,MATRIX ALGEBRA AND,  
541,MTH,MATRIX ALGEBRA AND,  
,,LINEAR ESTIMATION,6
,,  MTH207A  ,
542,MTH,DATA SCIENCE LAB,  
,, MTH208A  ,5
543,MTH, MTH301A  ,  
,,,11
,,,
544,MTH,SET THEORY &,  
,, MTH302A  ,11
,,,
545,MTH,SEVERAL VARIABLE,  
,,CALCULUS &,11
,,DEFFERENTIAL,
,, MTH305A  ,
546,MTH, UGP-,  
,, MTH391A  ,4
547,MTH,UNDER GRADUATE,  
,, MTH392A  ,9
548,MTH, UGP-,  
,, MTH393A  ,9
549,MTH,UNDER GRADUATE,  
,, MTH394A  ,9
550,MTH,TECHNICAL,  
,,COMMUNICATION,2
,, MTH399A  ,
551,MTH,THEORY OF,  
,, MTH401A  ,9
,,,
552,MTH,COMPLEX,  
553,MTH,FUNCTIONAL,  
,, MTH405A  ,11
,,,
554,MTH,COMPUTER,  
,,PROGRAMMING AND DATA,9
,, MTH409A  ,
555,MTH,APPLIED STOCHASTIC,  
,, MTH412A  ,11
,,,
556,MTH,MATRIX THEORY AND,  
,,LINEAR,11
,, MTH415A  ,
557,MTH,ORDINARY DIFFERENTIAL,  
,, MTH421A  ,11
,,,
,,,
558,MTH,PARTIAL DIFFERENTIAL,  
,, MTH424A  ,11
,,,
559,MTH,MATHEMATICAL,  
,, MTH428A  ,11
,,,
560,MTH,NUMERICAL ANALYSIS &,  
,,SCIENTIFIC COMPUTING,10
,, MTH430A  ,
561,MTH,INTRODUCTION TO,  
,,SAMPLING,6
,, MTH432A  ,
562,MTH, MTH433A  ,  
S.,,,Units
No.,Branch,Course Name/Group Name, Credits  
,, MTH403A  ,11
563,MTH,COMPLEX,  
,, MTH434A  ,6
,,,
564,MTH,STATISTICAL SIMULATION,  
,,AND DATA,11
,, MTH511A  ,
565,MTH, MTH515A  ,  
,,,11
,,,
,,,
566,MTH,TIME SERIES,  
,, MTH517A  ,11
,,,
567,MTH,ELLIPTIC CURVES,  
,,MODULAR FORMS AND,9
,,CONGRUENT NUMBER,
,, MTH525A  ,
568,MTH, MTH598A  ,  
,,,9
569,MTH, MTH599A  ,  
,,,9
570,MTH, MTH611A  ,  
,,,9
571,MTH,INTRODUCTION TO,  
,,COMMUTATIVE,9
,, MTH612A  ,
572,MTH,REIMANN,  
,, MTH615A  ,9
573,MTH,ALGEBRAIC,  
,, MTH649A  ,9
574,MTH,NONLINEAR DYNAMICAL,  
575,MTH,ASYMPTOTIC,  
,, MTH665A  ,9
,,,
576,MTH,INTRODUCTION TO,  
,,ALGEBRAIC GEOMETRY,9
,,AND ALGEBRAIC,
,, MTH667A  ,
577,MTH,POTENTIAL THEORY IN,  
,,THE COMPLEX,9
,, MTH670A  ,
578,MTH,VARIATIONAL METHODS IN,  
,, MTH674A  ,9
,,,
,,,
579,MTH,SPATIO-TEMPORAL,  
,,MODELS IN,9
,,MATHEMATICAL,
,, MTH679A  ,
580,MTH,AN INTRODUCTION TO VON,  
,,NEUMANN,9
,, MTH680A  ,
581,MTH,PROBABILISTIC THEORY OF,  
,,PATTERN,9
,, MTH690A  ,
,,,
582,MTH,SPECTRAL METHODS FOR,  
,,PARTIAL DIFFERENTIAL,9
,, MTH696A  ,
583,MTH, MTH697A  ,  
,,,9
584,MTH, MTH698A  ,  
,,,9
585,MTH, MTH699A  ,  
586,MTH,DIFFERENTIAL,  
,, MTH713A  ,9
,,,
587,MTH, MTH753A  ,  
,,,9
,,,
588,MTH,PROBABILITY,  
,, MTH754A  ,9
589,MTH,STATISTICAL,  
,, MTH755A  ,9
,,,
590,MTH,VECTOR BUNDLES AND,  
,,CHARACTERISTIC,9
,, MTH761A  ,
591,MTH, MTH799  ,  
,,,0
,,,
592,NET, NT699  ,  
,,,0
593,NET, NT799  ,  
,,,0
594,PHY, PHY224A  ,  
,,,12
595,PHY,PHYSICS OF INFORMATION,  
,, PHY313A  ,9
596,PHY,MODERN PHYSICS,  
,, PHY315A  ,9
597,PHY,INTRODUCTION TO THE,  
,, PHY400A  ,5
598,PHY,CLASSICAL MECHANICS,  
599,PHY,SPECIAL & GENERAL,  
,, PHY407A  ,9
,,,
600,PHY,MATHEMATICAL METHODS,  
,, PHY421A  ,11
,,,
601,PHY,QUANTUM MECHANICS,  
,, PHY431A  ,11
,,,
602,PHY, PHY441A  ,  
,,,11
,,,
603,PHY,EXPERIMENTAL PHYSICS,  
,, PHY461A  ,8
,,,
604,PHY,EXPERIMENTAL PHYSICS,  
,, PHY462A  ,8
,,,
605,PHY,M SC REVIEW PROJECT,  
,, PHY501A  ,9
606,PHY,M.SC. REVIEW PROJECT,  
,, PHY502A  ,8
607,PHY,CONDENSED MATTER,  
,, PHY543A  ,11
,,,
608,PHY,CLASSICAL,  
,,ELECTRODYNAMICS,11
,, PHY552A  ,
609,PHY,BACHLOR OF SCIENCE,  
S.,,,Units
No.,Branch,Course Name/Group Name, Credits  
,, PHY401A  ,11
S.,,,Units
No.,Branch,Course Name/Group Name, Credits  
610,PHY,BACHLOR OF SCIENCE,  
,, PHY556A  ,9
,,,
611,PHY, PHY563A  ,  
,,,11
612,PHY, PHY565A  ,  
,,,11
613,PHY,M.SC.RESEARCH PROJECT,  
,, PHY596A  ,9
614,PHY,M.SC. RESEARCH PROJECT,  
,, PHY598A  ,9
615,PHY,COMPUTATIONAL,  
,,SIMULATION METHODS IN,9
,, PHY627A  ,
616,PHY,CONDENSED MATTER,  
,,PHENOMENA IN LOW,9
,,DIMENSIONAL,
,, PHY642A  ,
617,PHY,THEORY OF RANDOM,  
,,PROCESSES AND,9
,, PHY662A  ,
618,PHY,UNCERTAINITY,  
,,INFORMATION AND,9
,,CLASSICAL,
,, PHY665A  ,
619,PHY,PHYSICS OF,  
,, PHY672A  ,9
620,PHY,QUANTUM FIELD,  
,, PHY681A  ,9
621,PHY,COHERENCE & QUANTUM,  
,, PHY690G  ,9
622,PHY,ADVANCED GENERAL,  
S.,,,Units
No.,Branch,Course Name/Group Name, Credits  
,,RELATIVITY AND BLACK,9
,, PHY690M  ,
623,PHY,CORRELATED ELECTRONS,  
,,AND QUANTUM,9
,, PHY690N  ,
624,PHY,SUPERCONDUCTIVITY AND,  
,, PHY690T  ,9
625,PHY,M.SC.RESEARCH PROJECT,  
,, PHY696A  ,9
626,PHY,M.SC.RESEARCH PROJECT,  
,, PHY698A  ,9
627,PHY, PHY799  ,  
,,,0
,,,
628,PSE,INTRODUCTION TO,  
,, PSE601A  ,9
,,,
629,PSE,PRINCIPLES OF LASERS,  
,, PSE602A  ,9
,,,
630,PSE,NUMERICAL METHODS IN,  
,, PSE603A  ,9
,,,
631,PSE, PSE699  ,  
,,,0
,,,
632,PSE, PSE799  ,  
,,,0
633,PSE,MS - RESEARCH,  
,, PSE899  ,0
634,SEE,THERMO-FLUID,  
,, SEE601A  ,9
635,SEE,PHYSICS OF ENERGY,  
,, SEE602A  ,9
636,SEE,THERMODYNAMICS OF,  
,,ENERGY,9
,, SEE604A  ,
,,,
,,,
,,,
637,SEE,AN INTRODUCTION TO,  
,,SUSTAINABLE ENERGY,9
,, SEE605A  ,
,,,
638,SEE,ELECTROCHEMICAL,  
,,ENERGY,9
,, SEE606A  ,
639,SEE,HYDROGEN ENERGY:,  
,,PRODUCTION STORAGE,9
,,AND,
,, SEE607A  ,
640,SEE,INTRODUCTION TO,  
,,BIOENERGY AND,9
,, SEE608A  ,
641,SEE,ESSENTIAL ELECTRICAL,  
,,ENGINEERING FOR,9
,,RENEWABLES,
,, SEE616A  ,
,,,
,,,
642,SEE,ENERGY EFFICIENT,  
,,BUILDING,9
,, SEE618A  ,
643,SEE,SEMINAR,  
No.,Branch,Course Name/Group Name, Credits  
644,SEE,SEMINAR,  
,, SEE691A  ,0
,,,
,,,
,,,
645,SEE, SEE699  ,  
,,,0
646,SEE, SEE799  ,  
,,,0
647,SEE,MS - RESEARCH,  
,, SEE899  ,0
648,SPEC,MORNING,  
,, PE101A  ,3
649,SPEC,EVENING,  
,, PE102A  ,3
650,SSA,INTRODUCTION TO SPACE,  
,,& ASTRONOMICAL,9
,, SPA601,
,,A  ,
651,SSA,MATHEMATICAL METHODS,  
,,IN SPACE SCIENCES &,9
,, SPA602A  ,
652,SSA,SOLAR SYSTEM PROCESSES,  
,,AND SPACE,9
,, SPA603A  ,
653,SSA,RADIO ASTRONOMY,  
,, SPA610A  ,9
,,,
654,SSA,SOLAR SYSTEM,  
